i_id	i_c_year	i_c_unknown	i_c_action	i_c_adventure	i_c_animation	i_c_children	i_c_comedy	i_c_crime	i_c_documentary	i_c_drama	i_c_fantasy	i_c_film_noir	i_c_horror	i_c_musical	i_c_mystery	i_c_romance	i_c_sci_fi	i_c_thriller	i_c_war	i_c_western
0	0	0	0	0	0	0	0	0	0	0	0	0	0	0	0	0	0	0	0	0
1	1995	0	0	0	1	1	1	0	0	0	0	0	0	0	0	0	0	0	0	0
2	1995	0	1	1	0	0	0	0	0	0	0	0	0	0	0	0	0	1	0	0
3	1995	0	0	0	0	0	0	0	0	0	0	0	0	0	0	0	0	1	0	0
4	1995	0	1	0	0	0	1	0	0	1	0	0	0	0	0	0	0	0	0	0
5	1995	0	0	0	0	0	0	1	0	1	0	0	0	0	0	0	0	1	0	0
6	1995	0	0	0	0	0	0	0	0	1	0	0	0	0	0	0	0	0	0	0
7	1995	0	0	0	0	0	0	0	0	1	0	0	0	0	0	0	1	0	0	0
8	1995	0	0	0	0	1	1	0	0	1	0	0	0	0	0	0	0	0	0	0
9	1995	0	0	0	0	0	0	0	0	1	0	0	0	0	0	0	0	0	0	0
10	1996	0	0	0	0	0	0	0	0	1	0	0	0	0	0	0	0	0	1	0
11	1995	0	0	0	0	0	0	1	0	0	0	0	0	0	0	0	0	1	0	0
12	1995	0	0	0	0	0	0	1	0	0	0	0	0	0	0	0	0	1	0	0
13	1995	0	0	0	0	0	1	0	0	0	0	0	0	0	0	0	0	0	0	0
14	1994	0	0	0	0	0	0	0	0	1	0	0	0	0	0	1	0	0	0	0
15	1996	0	0	0	0	0	0	0	0	1	0	0	0	0	0	0	0	0	0	0
16	1995	0	0	0	0	0	1	0	0	0	0	0	0	0	0	1	0	0	0	0
17	1996	0	1	0	0	0	1	1	0	0	0	0	1	0	0	0	0	1	0	0
18	1995	0	0	0	0	0	0	0	0	1	0	0	0	0	0	0	0	0	0	0
19	1995	0	0	0	0	0	0	0	0	1	0	0	0	0	0	0	0	0	0	0
20	1995	0	0	0	0	0	0	0	0	1	0	0	0	0	0	1	0	0	0	0
21	1996	0	1	1	0	0	1	0	0	0	0	0	0	1	0	0	0	1	0	0
22	1996	0	1	0	0	0	0	0	0	1	0	0	0	0	0	0	0	0	1	0
23	1996	0	0	0	0	0	0	0	0	1	0	0	0	0	0	0	0	1	0	0
24	1996	0	1	1	0	0	0	1	0	0	0	0	0	0	0	0	0	0	0	0
25	1996	0	0	0	0	0	1	0	0	0	0	0	0	0	0	0	0	0	0	0
26	1995	0	0	0	0	0	1	0	0	0	0	0	0	0	0	0	0	0	0	0
27	1995	0	1	0	0	0	0	0	0	0	0	0	0	0	0	0	0	0	0	0
28	1995	0	1	0	0	0	0	0	0	1	0	0	0	0	0	0	0	1	0	0
29	1995	0	1	1	0	0	1	1	0	0	0	0	0	0	0	0	0	0	0	0
30	1967	0	0	0	0	0	0	0	0	1	0	0	0	0	0	0	0	0	0	0
31	1995	0	0	0	0	0	0	0	0	1	0	0	0	0	0	0	0	1	1	0
32	1994	0	0	0	0	0	0	0	1	0	0	0	0	0	0	0	0	0	0	0
33	1995	0	1	0	0	0	0	0	0	0	0	0	0	0	0	1	0	1	0	0
34	1995	0	0	0	0	0	1	0	0	1	0	0	0	0	0	0	0	0	0	0
35	1995	0	0	1	0	1	0	0	0	1	0	0	0	0	0	0	0	0	0	0
36	1995	0	0	0	0	0	0	0	0	1	0	0	0	0	0	1	0	0	0	0
37	1994	0	0	0	0	0	0	0	0	1	0	0	0	0	0	0	0	0	0	0
38	1995	0	0	0	0	0	0	0	0	0	0	0	0	0	0	0	1	1	0	0
39	1995	0	1	0	0	0	0	1	0	0	0	0	0	0	0	0	1	0	0	0
40	1995	0	0	0	0	0	1	0	0	0	0	0	0	0	0	0	0	0	0	0
41	1995	0	0	0	0	0	1	0	0	0	0	0	0	0	0	0	0	0	0	0
42	1994	0	0	0	0	0	1	0	0	0	0	0	0	0	0	0	0	0	0	0
43	1994	0	0	0	0	0	0	0	0	1	0	0	0	0	0	0	0	1	0	0
44	1994	0	0	0	0	0	0	0	0	1	0	0	0	0	0	0	0	1	0	0
45	1994	0	0	0	0	0	1	0	0	1	0	0	0	0	0	0	0	0	0	0
46	1994	0	0	0	0	0	0	0	0	1	0	0	0	0	0	0	0	0	0	0
47	1994	0	0	0	0	0	1	0	0	1	0	0	0	0	0	0	0	0	0	0
48	1994	0	0	0	0	0	0	0	1	0	0	0	0	0	0	0	0	0	0	0
49	1994	0	0	0	0	0	1	0	0	0	0	0	0	0	0	1	0	0	0	0
50	1977	0	1	1	0	0	0	0	0	0	0	0	0	0	0	1	1	0	1	0
51	1994	0	0	0	0	0	0	0	0	1	0	0	0	0	0	1	0	0	1	1
52	1994	0	0	0	0	0	0	0	0	1	0	0	0	0	0	0	0	0	0	0
53	1994	0	1	0	0	0	0	0	0	0	0	0	0	0	0	0	0	1	0	0
54	1995	0	1	0	0	0	0	0	0	1	0	0	0	0	0	0	0	1	0	0
55	1994	0	0	0	0	0	0	1	0	1	0	0	0	0	0	1	0	1	0	0
56	1994	0	0	0	0	0	0	1	0	1	0	0	0	0	0	0	0	0	0	0
57	1994	0	0	0	0	0	0	0	0	1	0	0	0	0	0	0	0	0	0	0
58	1994	0	0	0	0	0	0	0	0	1	0	0	0	0	0	0	0	0	0	0
59	1994	0	0	0	0	0	0	0	0	1	0	0	0	0	0	0	0	0	0	0
60	1993	0	0	0	0	0	0	0	0	1	0	0	0	0	0	0	0	0	0	0
61	1994	0	0	0	0	0	0	0	0	1	0	0	0	0	0	0	0	0	0	0
62	1994	0	1	1	0	0	0	0	0	0	0	0	0	0	0	0	1	0	0	0
63	1994	0	0	0	0	1	1	0	0	0	0	0	0	0	0	0	0	0	0	0
64	1994	0	0	0	0	0	0	0	0	1	0	0	0	0	0	0	0	0	0	0
65	1993	0	0	0	0	0	1	0	0	1	0	0	0	0	0	0	0	0	0	0
66	1995	0	0	0	0	0	1	0	0	0	0	0	0	0	0	1	0	0	0	0
67	1994	0	0	0	0	0	1	0	0	0	0	0	0	0	0	0	0	0	0	0
68	1994	0	1	0	0	0	0	0	0	0	0	0	0	0	0	1	0	1	0	0
69	1994	0	0	0	0	0	1	0	0	0	0	0	0	0	0	1	0	0	1	0
70	1994	0	0	0	0	0	1	0	0	0	0	0	0	0	0	1	0	0	0	0
71	1994	0	0	0	1	1	0	0	0	0	0	0	0	1	0	0	0	0	0	0
72	1994	0	0	0	0	0	1	1	0	0	1	0	0	0	0	0	0	0	0	0
73	1994	0	1	0	0	0	1	0	0	0	0	0	0	0	0	0	0	0	0	1
74	1965	0	1	0	0	0	1	0	0	1	0	0	0	0	0	0	0	0	0	0
75	1994	0	0	0	0	0	0	0	1	0	0	0	0	0	0	0	0	0	0	0
76	1993	0	0	0	0	0	0	1	0	1	0	0	0	0	0	0	0	0	0	0
77	1993	0	0	0	0	0	0	0	0	1	0	0	0	0	0	0	0	1	0	0
78	1993	0	0	1	0	1	0	0	0	1	0	0	0	0	0	0	0	0	0	0
79	1993	0	1	0	0	0	0	0	0	0	0	0	0	0	0	0	0	1	0	0
80	1993	0	1	0	0	0	1	0	0	0	0	0	0	0	0	0	0	0	1	0
81	1994	0	0	0	0	0	1	0	0	0	0	0	0	0	0	1	0	0	0	0
82	1993	0	1	1	0	0	0	0	0	0	0	0	0	0	0	0	1	0	0	0
83	1993	0	0	0	0	0	1	0	0	0	0	0	0	0	0	1	0	0	0	0
84	1994	0	0	0	0	0	0	0	0	0	0	0	1	0	0	0	1	0	0	0
85	1994	0	0	0	0	0	1	0	0	0	0	0	0	0	0	0	0	0	0	0
86	1993	0	0	0	0	0	0	0	0	1	0	0	0	0	0	0	0	0	0	0
87	1993	0	0	0	0	0	0	0	0	1	0	0	0	0	0	0	0	0	0	0
88	1993	0	0	0	0	0	1	0	0	0	0	0	0	0	0	1	0	0	0	0
89	1982	0	0	0	0	0	0	0	0	0	0	1	0	0	0	0	1	0	0	0
90	1993	0	0	0	0	0	1	0	0	0	0	0	0	0	0	1	0	1	0	0
91	1993	0	0	0	0	1	1	0	0	0	0	0	0	1	0	0	0	0	0	0
92	1993	0	1	0	0	0	0	1	0	0	0	0	0	0	0	1	0	0	0	0
93	1996	0	0	0	0	0	1	0	0	1	0	0	0	0	0	0	0	0	0	0
94	1990	0	0	0	0	1	1	0	0	0	0	0	0	0	0	0	0	0	0	0
95	1992	0	0	0	1	1	1	0	0	0	0	0	0	1	0	0	0	0	0	0
96	1991	0	1	0	0	0	0	0	0	0	0	0	0	0	0	0	1	1	0	0
97	1990	0	0	1	0	0	0	0	0	1	0	0	0	0	0	0	0	0	0	1
98	1991	0	0	0	0	0	0	0	0	1	0	0	0	0	0	0	0	1	0	0
99	1937	0	0	0	1	1	0	0	0	0	0	0	0	1	0	0	0	0	0	0
100	1997	0	0	0	0	0	0	1	0	1	0	0	0	0	0	0	0	1	0	0
101	1981	0	1	1	1	0	0	0	0	0	0	0	1	0	0	0	1	0	0	0
102	1970	0	0	0	1	1	0	0	0	0	0	0	0	0	0	0	0	0	0	0
103	1996	0	0	0	1	1	0	0	0	0	0	0	0	1	0	0	0	0	0	0
104	1996	0	0	0	0	0	1	0	0	0	0	0	0	0	0	0	0	0	0	0
105	1996	0	0	0	0	0	1	0	0	0	0	0	0	0	0	0	0	0	0	0
106	1996	0	0	0	0	0	0	0	0	1	0	0	0	0	0	0	0	1	0	0
107	1996	0	0	0	0	0	0	0	0	1	0	0	0	0	0	0	0	0	0	0
108	1996	0	0	0	0	0	1	0	0	0	0	0	0	0	0	0	0	0	0	0
109	1996	0	0	0	0	0	1	0	0	0	0	0	0	0	0	0	1	0	0	0
110	1995	0	1	1	0	0	1	0	0	0	0	0	0	0	0	0	0	0	1	0
111	1996	0	0	0	0	0	1	0	0	0	0	0	0	0	0	1	0	0	0	0
112	1996	0	0	1	0	1	0	0	0	0	0	0	0	0	0	0	0	0	0	0
113	1996	0	0	0	0	0	0	0	0	1	0	0	0	0	0	0	0	0	0	0
114	1996	0	0	0	1	0	0	0	0	0	0	0	0	0	0	0	0	0	0	0
115	1996	0	0	0	0	0	0	0	1	0	0	0	0	0	0	0	0	0	0	0
116	1996	0	0	0	0	0	1	0	0	0	0	0	0	0	0	0	0	0	0	0
117	1996	0	1	1	0	0	0	0	0	0	0	0	0	0	0	0	0	1	0	0
118	1996	0	1	1	0	0	0	0	0	0	0	0	0	0	0	0	0	1	0	0
119	1994	0	0	0	0	0	0	0	1	0	0	0	0	0	0	0	0	0	0	0
120	1996	0	0	0	0	0	1	1	0	0	0	0	0	0	0	0	0	0	0	0
121	1996	0	1	0	0	0	0	0	0	0	0	0	0	0	0	0	1	0	1	0
122	1996	0	0	0	0	0	1	0	0	0	0	0	0	0	0	0	0	0	0	0
123	1996	0	0	0	0	0	1	0	0	0	0	0	1	0	0	0	0	0	0	0
124	1996	0	0	0	0	0	0	0	0	1	0	0	0	0	1	0	0	0	0	0
125	1996	0	0	0	0	0	0	0	0	1	0	0	0	0	0	1	0	0	0	0
126	1996	0	0	0	0	0	0	0	0	1	0	0	0	0	0	0	0	0	0	0
127	1972	0	1	0	0	0	0	1	0	1	0	0	0	0	0	0	0	0	0	0
128	1996	0	1	0	0	0	0	0	0	0	0	0	0	0	0	0	0	1	0	0
129	1996	0	0	0	0	0	0	1	0	1	0	0	0	0	0	1	0	1	0	0
130	1996	0	0	0	0	0	0	1	0	0	0	0	0	0	0	0	0	0	0	0
131	1961	0	0	0	0	0	0	0	0	1	0	0	0	0	0	1	0	0	0	0
132	1939	0	0	1	0	1	0	0	0	1	0	0	0	1	0	0	0	0	0	0
133	1939	0	0	0	0	0	0	0	0	1	0	0	0	0	0	1	0	0	1	0
134	1941	0	0	0	0	0	0	0	0	1	0	0	0	0	0	0	0	0	0	0
135	1968	0	0	0	0	0	0	0	0	1	0	0	0	0	1	0	1	1	0	0
136	1939	0	0	0	0	0	0	0	0	1	0	0	0	0	0	0	0	0	0	0
137	1996	0	0	0	0	0	0	0	0	1	0	0	0	0	0	0	0	0	0	0
138	1996	0	0	0	0	1	1	0	0	0	0	0	0	0	0	0	0	0	0	0
139	1969	0	0	0	0	1	1	0	0	0	0	0	0	0	0	0	0	0	0	0
140	1993	0	0	1	0	1	0	0	0	0	0	0	0	0	0	0	0	0	0	0
141	1954	0	0	1	0	1	0	0	0	0	1	0	0	0	0	0	1	0	0	0
142	1971	0	0	1	0	1	0	0	0	0	0	0	0	1	0	0	0	0	0	0
143	1965	0	0	0	0	0	0	0	0	0	0	0	0	1	0	0	0	0	0	0
144	1988	0	1	0	0	0	0	0	0	0	0	0	0	0	0	0	0	1	0	0
145	1992	0	1	0	0	0	0	0	0	0	0	0	0	0	0	0	1	1	0	0
146	1996	0	0	0	0	0	0	0	0	1	0	0	0	0	0	0	0	0	0	0
147	1996	0	1	0	0	0	0	0	0	0	0	0	0	0	0	0	0	1	0	0
148	1996	0	1	1	0	0	0	0	0	0	0	0	0	0	0	0	0	0	0	0
149	1996	0	0	0	0	0	0	0	0	1	0	0	0	0	0	0	0	0	0	0
150	1996	0	0	0	0	0	1	0	0	1	0	0	0	0	0	0	0	0	0	0
151	1971	0	0	1	0	1	1	0	0	0	0	0	0	0	0	0	0	0	0	0
152	1973	0	0	0	0	0	1	0	0	0	0	0	0	0	0	0	1	0	0	0
153	1988	0	0	0	0	0	1	0	0	0	0	0	0	0	0	0	0	0	0	0
154	1979	0	0	0	0	0	1	0	0	0	0	0	0	0	0	0	0	0	0	0
155	1987	0	0	0	0	0	0	0	0	0	0	0	0	1	0	1	0	0	0	0
156	1992	0	0	0	0	0	0	1	0	0	0	0	0	0	0	0	0	1	0	0
157	1986	0	0	0	0	0	0	0	0	1	0	0	0	0	0	0	0	0	1	0
158	1989	0	0	0	0	0	1	0	0	0	0	0	0	0	0	0	0	0	0	0
159	1992	0	0	0	0	0	0	0	0	0	0	0	0	0	1	0	0	1	0	0
160	1992	0	0	0	0	0	0	0	0	1	0	0	0	0	0	0	0	0	0	0
161	1986	0	1	0	0	0	0	0	0	0	0	0	0	0	0	1	0	0	0	0
162	1981	0	0	0	0	0	0	0	0	1	0	0	0	0	0	0	0	0	0	0
163	1974	0	0	0	0	0	1	0	0	0	0	0	0	0	0	0	0	0	0	0
164	1989	0	1	1	0	0	0	0	0	0	0	0	0	0	0	0	1	1	0	0
165	1986	0	0	0	0	0	0	0	0	1	0	0	0	0	0	0	0	0	0	0
166	1986	0	0	0	0	0	0	0	0	1	0	0	0	0	0	0	0	0	0	0
167	1980	0	0	0	0	0	1	0	0	0	0	0	0	0	0	0	0	0	0	0
168	1974	0	0	0	0	0	1	0	0	0	0	0	0	0	0	0	0	0	0	0
169	1993	0	0	0	1	0	1	0	0	0	0	0	0	0	0	0	0	0	0	0
170	1988	0	0	0	0	0	1	0	0	1	0	0	0	0	0	1	0	0	0	0
171	1991	0	0	0	0	0	1	0	0	0	0	0	0	0	0	0	1	0	0	0
172	1980	0	1	1	0	0	0	0	0	1	0	0	0	0	0	1	1	0	1	0
173	1987	0	1	1	0	0	1	0	0	0	0	0	0	0	0	1	0	0	0	0
174	1981	0	1	1	0	0	0	0	0	0	0	0	0	0	0	0	0	0	0	0
175	1985	0	0	0	0	0	0	0	0	0	0	0	0	0	0	0	1	0	0	0
176	1986	0	1	0	0	0	0	0	0	0	0	0	0	0	0	0	1	1	1	0
177	1966	0	1	0	0	0	0	0	0	0	0	0	0	0	0	0	0	0	0	1
178	1957	0	0	0	0	0	0	0	0	1	0	0	0	0	0	0	0	0	0	0
179	1971	0	0	0	0	0	0	0	0	0	0	0	0	0	0	0	1	0	0	0
180	1979	0	0	0	0	0	0	0	0	1	0	0	0	0	0	0	0	0	1	0
181	1997	0	1	1	0	0	0	0	0	0	0	0	0	0	0	1	1	0	1	0
182	1990	0	0	0	0	0	0	1	0	1	0	0	0	0	0	0	0	0	0	0
183	1979	0	1	0	0	0	0	0	0	0	0	0	1	0	0	0	1	1	0	0
184	1993	0	1	1	0	0	1	0	0	0	0	0	1	0	0	0	1	0	0	0
185	1960	0	0	0	0	0	0	0	0	0	0	0	1	0	0	1	0	1	0	0
186	1980	0	1	0	0	0	1	0	0	0	0	0	0	1	0	0	0	0	0	0
187	1974	0	1	0	0	0	0	1	0	1	0	0	0	0	0	0	0	0	0	0
188	1987	0	1	0	0	0	0	0	0	1	0	0	0	0	0	0	0	0	1	0
189	1992	0	0	0	1	0	1	0	0	0	0	0	0	0	0	0	0	0	0	0
190	1989	0	0	0	0	0	0	0	0	1	0	0	0	0	0	0	0	0	1	0
191	1984	0	0	0	0	0	0	0	0	1	0	0	0	0	1	0	0	0	0	0
192	1980	0	0	0	0	0	0	0	0	1	0	0	0	0	0	0	0	0	0	0
193	1983	0	0	0	0	0	0	0	0	1	0	0	0	0	0	0	0	0	0	0
194	1973	0	0	0	0	0	1	1	0	0	0	0	0	0	0	0	0	0	0	0
195	1984	0	1	0	0	0	0	0	0	0	0	0	0	0	0	0	1	1	0	0
196	1989	0	0	0	0	0	0	0	0	1	0	0	0	0	0	0	0	0	0	0
197	1967	0	0	0	0	0	0	0	0	1	0	0	0	0	0	1	0	0	0	0
198	1990	0	0	0	0	0	0	0	0	0	0	0	0	0	0	0	0	1	0	0
199	1957	0	0	0	0	0	0	0	0	1	0	0	0	0	0	0	0	0	1	0
200	1980	0	0	0	0	0	0	0	0	0	0	0	1	0	0	0	0	0	0	0
201	1987	0	1	1	0	0	1	0	0	0	0	0	1	0	0	0	0	0	0	0
202	1993	0	0	0	0	0	1	0	0	0	0	0	0	0	0	1	0	0	0	0
203	1992	0	0	0	0	0	0	0	0	0	0	0	0	0	0	0	0	0	0	1
204	1985	0	0	0	0	0	1	0	0	0	0	0	0	0	0	0	1	0	0	0
205	1970	0	0	0	0	0	0	0	0	1	0	0	0	0	0	0	0	0	1	0
206	1988	0	0	1	1	0	0	0	0	0	0	0	0	0	0	0	1	1	0	0
207	1990	0	1	0	0	0	0	0	0	1	0	0	0	0	0	1	0	0	0	0
208	1974	0	0	0	0	0	1	0	0	0	0	0	1	0	0	0	0	0	0	0
209	1984	0	0	0	0	0	1	0	0	1	0	0	0	1	0	0	0	0	0	0
210	1989	0	1	1	0	0	0	0	0	0	0	0	0	0	0	0	0	0	0	0
211	1970	0	0	0	0	0	1	0	0	0	0	0	0	0	0	0	0	0	1	0
212	1988	0	0	0	0	0	0	0	0	1	0	0	0	0	0	0	0	0	0	0
213	1986	0	0	0	0	0	0	0	0	1	0	0	0	0	0	1	0	0	0	0
214	1982	0	0	0	0	0	0	0	0	1	0	0	0	1	0	0	0	0	1	0
215	1989	0	0	0	0	0	0	0	0	1	0	0	0	0	0	0	0	0	0	0
216	1989	0	0	0	0	0	1	0	0	0	0	0	0	0	0	1	0	0	0	0
217	1992	0	0	0	0	0	0	0	0	0	0	0	1	0	0	1	0	0	0	0
218	1991	0	0	0	0	0	0	0	0	0	0	0	0	0	0	0	0	1	0	0
219	1984	0	0	0	0	0	0	0	0	0	0	0	1	0	0	0	0	0	0	0
220	1996	0	0	0	0	0	1	0	0	0	0	0	0	0	0	1	0	0	0	0
221	1996	0	0	0	0	0	0	0	0	1	0	0	0	0	0	0	0	0	0	0
222	1996	0	1	1	0	0	0	0	0	0	0	0	0	0	0	0	1	0	0	0
223	1996	0	0	0	0	0	0	0	0	1	0	0	0	0	0	0	0	1	0	0
224	1996	0	0	0	0	0	0	0	0	1	0	0	0	0	0	0	0	0	0	0
225	1996	0	0	0	0	1	1	0	0	0	0	0	0	0	0	0	0	0	0	0
226	1990	0	1	0	0	0	0	0	0	0	0	0	0	0	0	0	0	1	0	0
227	1991	0	1	1	0	0	0	0	0	0	0	0	0	0	0	0	1	0	0	0
228	1982	0	1	1	0	0	0	0	0	0	0	0	0	0	0	0	1	0	0	0
229	1984	0	1	1	0	0	0	0	0	0	0	0	0	0	0	0	1	0	0	0
230	1986	0	1	1	0	0	0	0	0	0	0	0	0	0	0	0	1	0	0	0
231	1992	0	1	1	0	0	1	1	0	0	0	0	0	0	0	0	0	0	0	0
232	1988	0	1	0	0	0	1	0	0	0	0	0	0	0	0	0	0	0	0	1
233	1992	0	1	0	0	0	0	0	0	0	0	0	0	0	0	0	0	0	0	0
234	1975	0	1	0	0	0	0	0	0	0	0	0	1	0	0	0	0	0	0	0
235	1996	0	1	0	0	0	1	0	0	0	0	0	0	0	0	0	1	0	1	0
236	1996	0	0	0	0	0	1	0	0	1	0	0	0	0	0	0	0	0	0	0
237	1996	0	0	0	0	0	0	0	0	1	0	0	0	0	0	1	0	0	0	0
238	1987	0	0	0	0	0	1	0	0	0	0	0	0	0	0	0	0	0	0	0
239	1992	0	0	0	0	0	0	1	0	1	0	0	0	0	0	0	1	0	0	0
240	1996	0	0	0	1	0	1	0	0	0	0	0	0	0	0	0	0	0	0	0
241	1992	0	1	0	0	0	0	0	0	0	0	0	0	0	0	1	0	0	1	0
242	1997	0	0	0	0	0	1	0	0	0	0	0	0	0	0	0	0	0	0	0
243	1997	0	0	0	0	1	1	0	0	0	0	0	0	0	0	0	0	0	0	0
244	1997	0	1	0	0	0	0	0	0	1	0	0	0	0	0	0	0	1	0	0
245	1997	0	1	0	0	0	0	0	0	1	0	0	0	0	0	0	0	1	1	0
246	1997	0	0	0	0	0	0	0	0	1	0	0	0	0	0	1	0	0	0	0
247	1997	0	1	1	0	1	0	0	0	0	0	0	0	0	0	0	0	0	0	0
248	1997	0	0	0	0	0	1	1	0	0	0	0	0	0	0	0	0	0	0	0
249	1997	0	0	0	0	0	1	0	0	0	0	0	0	0	0	0	0	0	0	0
250	1997	0	1	0	0	0	0	0	0	0	0	0	0	0	0	0	1	0	0	0
251	1997	0	0	0	0	0	1	0	0	0	0	0	0	0	0	0	0	0	0	0
252	1997	0	1	1	0	0	0	0	0	0	0	0	0	0	0	0	1	1	0	0
253	1997	0	0	0	0	0	0	0	0	1	0	0	0	0	0	1	0	0	0	0
254	1997	0	1	1	0	0	0	1	0	0	0	0	0	0	0	0	0	0	0	0
255	1997	0	0	0	0	0	1	0	0	0	0	0	0	0	0	1	0	0	0	0
256	1997	0	0	0	0	0	1	0	0	0	0	0	0	0	0	1	0	0	0	0
257	1997	0	1	1	0	0	1	0	0	0	0	0	0	0	0	0	1	0	0	0
258	1997	0	0	0	0	0	0	0	0	1	0	0	0	0	0	0	1	0	0	0
259	1997	0	0	0	0	1	1	0	0	0	0	0	0	0	0	0	0	0	0	0
260	1997	0	1	0	0	0	0	0	0	0	0	0	0	0	1	0	1	1	0	0
261	1997	0	0	0	0	1	1	0	0	0	0	0	0	0	0	0	0	0	0	0
262	1997	0	0	0	0	0	0	0	0	1	0	0	0	0	0	0	0	0	0	0
263	1997	0	1	0	0	0	0	0	0	0	0	0	0	0	0	0	0	0	0	0
264	1997	0	0	0	0	0	0	0	0	0	0	0	0	0	0	0	1	1	0	0
265	1990	0	1	0	0	0	0	0	0	0	0	0	0	0	0	0	0	1	0	0
266	1997	0	1	1	0	0	0	0	0	0	0	0	0	0	0	0	0	0	0	0
267	0	1	0	0	0	0	0	0	0	0	0	0	0	0	0	0	0	0	0	0
268	1997	0	0	0	0	0	0	0	0	1	0	0	0	0	0	1	0	0	0	0
269	1997	0	0	0	0	0	1	0	0	0	0	0	0	0	0	0	0	0	0	0
270	1997	0	0	0	0	0	0	0	0	1	0	0	0	0	0	0	1	1	0	0
271	1997	0	1	1	0	0	0	0	0	0	0	0	0	0	0	0	1	0	1	0
272	1997	0	0	0	0	0	0	0	0	1	0	0	0	0	0	0	0	0	0	0
273	1995	0	1	0	0	0	0	1	0	0	0	0	0	0	0	0	0	1	0	0
274	1995	0	0	0	0	0	1	0	0	0	0	0	0	0	0	1	0	0	0	0
275	1995	0	0	0	0	0	0	0	0	1	0	0	0	0	0	1	0	0	0	0
276	1995	0	0	0	0	0	0	0	0	1	0	0	0	0	0	1	0	0	0	0
277	1995	0	0	0	0	0	0	0	0	1	0	0	0	0	0	0	0	0	0	0
278	1996	0	0	0	0	0	0	0	0	1	0	0	0	0	0	1	0	0	0	0
279	1995	0	0	0	0	0	0	0	0	1	0	0	0	0	0	0	0	0	0	0
280	1996	0	0	0	0	0	0	0	0	1	0	0	0	0	0	1	0	0	0	0
281	1994	0	1	0	0	0	0	0	0	0	0	0	0	0	0	0	0	1	0	0
282	1996	0	0	0	0	0	0	0	0	1	0	0	0	0	0	0	0	0	0	0
283	1996	0	0	0	0	0	0	0	0	1	0	0	0	0	0	1	0	0	0	0
284	1996	0	0	0	0	0	1	0	0	0	0	0	0	0	0	1	0	0	0	0
285	1996	0	0	0	0	0	0	0	0	1	0	0	0	0	0	0	0	0	0	0
286	1996	0	0	0	0	0	0	0	0	1	0	0	0	0	0	1	0	0	1	0
287	1996	0	0	0	0	0	0	0	0	1	0	0	0	0	0	0	0	0	0	0
288	1996	0	0	0	0	0	0	0	0	0	0	0	1	0	0	0	0	1	0	0
289	1996	0	0	0	0	0	0	0	0	1	0	0	0	1	0	0	0	0	0	0
290	1997	0	0	0	0	0	1	0	0	0	0	0	0	0	0	0	0	0	0	0
291	1997	0	0	0	0	0	0	0	0	0	0	0	0	0	1	0	0	1	0	0
292	1997	0	0	0	0	0	0	0	0	1	0	0	0	0	0	0	0	0	0	0
293	1997	0	0	0	0	0	0	1	0	1	0	0	0	0	0	0	0	0	0	0
294	1997	0	0	0	0	0	1	0	0	0	0	0	0	0	0	0	0	0	0	0
295	1997	0	1	0	0	0	0	0	0	0	0	0	0	0	0	0	0	1	0	0
296	1997	0	0	0	0	0	0	0	0	1	0	0	0	0	0	0	0	0	0	0
297	1997	0	0	0	0	0	0	0	0	1	0	0	0	0	0	0	0	0	0	0
298	1997	0	1	0	0	0	0	0	0	0	0	0	0	0	0	0	1	1	0	0
299	1997	0	0	0	0	0	0	1	0	1	0	1	0	0	0	0	0	0	0	0
300	1997	0	1	0	0	0	0	0	0	0	0	0	0	0	0	0	0	1	0	0
301	1997	0	0	0	0	0	1	0	0	0	0	0	0	0	0	0	0	0	0	0
302	1997	0	0	0	0	0	0	1	0	0	0	1	0	0	1	0	0	1	0	0
303	1997	0	0	0	0	0	0	0	0	1	0	0	0	0	0	0	0	0	0	0
304	1996	0	0	1	0	1	0	0	0	0	0	0	0	0	0	0	0	0	0	0
305	1997	0	0	0	0	0	0	0	0	1	0	0	0	0	0	0	0	0	0	0
306	1997	0	0	0	0	0	0	0	0	1	0	0	0	0	0	1	0	0	0	0
307	1997	0	0	0	0	0	0	1	0	0	0	0	1	0	1	0	0	1	0	0
308	1997	0	0	0	0	1	0	0	0	1	1	0	0	0	0	0	0	0	0	0
309	1997	0	0	0	0	0	0	1	0	0	0	0	0	0	0	0	0	0	0	0
310	1997	0	0	0	0	0	0	0	0	1	0	0	0	0	0	0	0	0	0	0
311	1997	0	0	0	0	0	0	0	0	1	0	0	0	0	0	1	0	1	0	0
312	1997	0	0	0	0	0	1	1	0	1	0	0	0	0	1	0	0	0	0	0
313	1997	0	1	0	0	0	0	0	0	1	0	0	0	0	0	1	0	0	0	0
314	1997	0	1	0	0	1	0	0	0	0	0	0	0	0	0	0	0	0	0	0
315	1998	0	0	0	0	0	0	0	0	1	0	0	0	0	0	0	0	1	0	0
316	1997	0	0	0	0	0	1	0	0	1	0	0	0	0	0	0	0	0	0	0
317	1993	0	0	0	0	0	0	0	0	1	0	0	0	0	0	0	0	0	0	0
318	1993	0	0	0	0	0	0	0	0	1	0	0	0	0	0	0	0	0	1	0
319	1996	0	0	0	0	0	1	0	0	0	0	0	0	1	0	1	0	0	0	0
320	1996	0	0	0	0	0	0	0	1	0	0	0	0	0	0	0	0	0	0	0
321	1996	0	0	0	0	0	1	0	0	0	0	0	0	0	0	0	0	0	0	0
322	1997	0	0	0	0	0	0	0	0	0	0	0	0	0	1	0	0	1	0	0
323	1997	0	1	0	0	0	0	0	0	0	0	0	0	0	0	0	0	1	0	0
324	1997	0	0	0	0	0	0	0	0	0	0	0	0	0	1	0	0	0	0	0
325	1997	0	0	0	0	0	0	0	0	1	0	0	0	0	0	0	0	1	0	0
326	1997	0	1	0	0	0	0	0	0	1	0	0	0	0	0	0	0	0	1	0
327	1997	0	0	0	0	0	0	1	0	1	0	0	0	0	1	0	0	0	0	0
328	1997	0	1	0	0	0	0	0	0	0	0	0	0	0	1	1	0	1	0	0
329	1998	0	0	0	0	0	0	1	0	1	0	0	0	0	0	0	0	1	0	0
330	1997	0	0	0	0	0	0	0	0	1	0	0	0	0	0	0	0	0	0	0
331	1997	0	0	1	0	0	0	0	0	0	0	0	0	0	0	0	0	1	0	0
332	1997	0	0	0	0	0	0	1	0	1	0	0	0	0	0	0	0	1	0	0
333	1997	0	0	0	0	0	0	0	0	0	0	0	0	0	1	0	0	1	0	0
334	1997	0	1	0	0	0	0	1	0	0	0	0	0	0	1	0	0	0	0	0
335	1997	0	0	0	0	0	1	0	0	0	0	0	0	0	0	0	0	0	0	0
336	1997	0	0	0	0	0	0	1	0	0	0	0	0	0	0	0	0	1	0	0
337	1997	0	0	0	0	0	1	0	0	1	0	0	0	0	0	0	0	1	0	0
338	1997	0	0	0	0	0	1	0	0	0	0	0	0	0	0	0	0	0	0	0
339	1997	0	1	0	0	0	0	0	0	1	0	0	0	0	0	0	0	0	0	0
340	1997	0	0	0	0	0	0	0	0	1	0	0	0	0	0	0	0	0	0	0
341	1997	0	0	0	0	0	1	0	0	0	0	0	0	0	0	0	0	0	0	0
342	1997	0	0	0	0	0	1	0	0	0	0	0	0	0	1	0	0	0	0	0
343	1997	0	1	0	0	0	0	0	0	0	0	0	1	0	0	0	1	0	0	0
344	1997	0	0	0	0	0	0	0	0	1	0	0	0	0	0	0	0	0	0	0
345	1997	0	0	0	0	0	1	0	0	1	0	0	0	0	0	0	0	0	0	0
346	1997	0	0	0	0	0	0	1	0	1	0	0	0	0	0	0	0	0	0	0
347	1998	0	0	0	0	0	1	0	0	1	0	0	0	0	0	0	0	0	0	0
348	1998	0	0	0	0	0	0	1	0	1	0	0	0	0	0	0	0	1	0	0
349	1998	0	1	0	0	0	0	0	0	0	0	0	0	0	0	0	0	1	0	0
350	1998	0	1	0	0	0	0	0	0	0	0	0	0	0	1	0	0	1	0	0
351	1998	0	0	0	0	0	0	0	0	0	0	0	1	0	0	0	0	0	0	0
352	1997	0	0	0	0	0	1	0	0	0	0	0	0	1	0	0	0	0	0	0
353	1998	0	1	0	0	0	0	0	0	0	0	0	1	0	0	0	1	0	0	0
354	1998	0	0	0	0	0	1	0	0	0	0	0	0	0	0	1	0	0	0	0
355	1998	0	0	1	0	0	0	0	0	0	0	0	0	0	0	0	1	1	0	0
356	1994	0	0	0	0	0	0	0	0	1	0	0	0	0	1	0	0	1	0	0
357	1975	0	0	0	0	0	0	0	0	1	0	0	0	0	0	0	0	0	0	0
358	1997	0	1	1	0	0	0	0	0	0	0	0	0	0	0	0	1	1	0	0
359	1997	0	0	0	0	0	0	0	0	0	0	0	0	0	0	0	0	1	0	0
360	1997	0	0	0	0	0	0	0	1	0	0	0	0	0	0	0	0	0	0	0
361	1997	0	0	0	0	0	0	1	0	0	0	0	0	0	0	0	0	1	0	0
362	1998	0	1	0	0	0	1	0	0	0	0	0	0	1	0	0	0	0	0	0
363	1995	0	1	0	0	0	0	0	0	0	0	0	0	0	0	0	0	0	0	0
364	1995	0	0	0	0	0	1	0	0	0	0	0	0	0	0	0	0	0	0	0
365	1995	0	0	0	0	0	0	0	0	1	0	0	0	0	0	0	0	0	0	0
366	1995	0	0	0	0	0	0	0	0	1	0	0	0	0	0	0	0	0	0	0
367	1995	0	0	0	0	0	1	0	0	0	0	0	0	0	0	0	0	0	0	0
368	1996	0	0	0	0	0	1	0	0	0	0	0	0	0	0	0	0	0	0	0
369	1996	0	0	0	0	0	1	0	0	0	0	0	0	0	0	0	0	0	0	0
370	1996	0	0	0	0	0	0	0	0	1	0	0	0	0	0	0	0	1	0	0
371	1996	0	0	0	0	0	0	0	0	1	0	0	0	0	0	1	0	0	0	0
372	1995	0	0	0	0	0	1	0	0	0	0	0	0	0	0	0	0	0	0	0
373	1995	0	1	1	0	0	0	0	0	0	0	0	0	0	0	0	1	0	0	0
374	1995	0	1	0	0	1	0	0	0	0	0	0	0	0	0	0	0	0	0	0
375	1995	0	0	0	0	0	0	0	0	1	0	0	0	0	0	0	0	0	0	0
376	1994	0	0	0	0	0	1	0	0	0	0	0	0	0	0	0	0	0	0	0
377	1994	0	0	0	0	1	1	0	0	0	0	0	0	0	0	0	0	0	0	0
378	1994	0	0	0	0	0	0	0	0	1	0	0	0	0	0	0	0	0	0	0
379	1995	0	0	0	0	0	0	0	0	0	0	0	1	0	0	0	0	0	0	0
380	1994	0	1	1	0	0	0	0	0	0	0	0	0	0	0	0	1	0	0	0
381	1994	0	0	0	0	0	1	0	0	0	0	0	0	0	0	1	0	0	0	0
382	1994	0	0	0	0	0	1	0	0	1	0	0	0	0	0	0	0	0	0	0
383	1994	0	0	0	0	1	1	0	0	0	0	0	0	0	0	0	0	0	0	0
384	1994	0	0	0	0	0	1	0	0	0	0	0	0	0	0	0	0	0	0	0
385	1994	0	1	1	0	0	1	0	0	0	0	0	0	0	0	1	0	0	0	0
386	1993	0	0	0	0	0	1	0	0	0	0	0	0	0	0	0	0	0	0	0
387	1993	0	0	0	0	0	0	0	0	1	0	0	0	0	0	0	0	0	0	0
388	1994	0	1	0	0	0	1	0	0	0	0	0	0	0	0	0	0	0	0	0
389	1994	0	0	1	0	1	0	0	0	0	0	0	0	0	0	0	0	0	0	0
390	1993	0	0	0	0	0	1	0	0	0	0	0	0	0	0	0	0	0	0	0
391	1993	0	1	0	0	0	1	0	0	0	0	0	0	0	0	0	0	0	0	0
392	1993	0	0	0	0	0	0	0	0	1	0	0	0	0	0	0	0	0	0	0
393	1993	0	0	0	0	0	1	0	0	0	0	0	0	0	0	0	0	0	0	0
394	1994	0	0	0	0	0	1	0	0	0	0	0	0	0	1	1	0	0	0	0
395	1993	0	0	0	0	0	1	0	0	0	0	0	0	0	0	0	0	0	0	0
396	1994	0	0	0	0	0	1	1	0	0	0	0	1	0	0	0	0	0	0	0
397	1993	0	1	0	0	0	0	0	0	0	0	0	0	0	0	0	0	0	0	0
398	1993	0	1	1	0	1	0	0	0	0	0	0	0	0	0	0	1	0	0	0
399	1993	0	1	1	0	0	1	0	0	0	0	0	0	0	0	0	0	0	0	0
400	1994	0	0	0	0	1	1	0	0	0	0	0	0	0	0	0	0	0	0	0
401	1995	0	0	0	0	0	1	0	0	0	0	0	0	0	0	0	0	0	0	0
402	1990	0	0	0	0	0	1	0	0	0	0	0	0	0	0	1	0	1	0	0
403	1989	0	1	1	0	0	0	1	0	1	0	0	0	0	0	0	0	0	0	0
404	1940	0	0	0	1	1	0	0	0	0	0	0	0	0	0	0	0	0	0	0
405	1996	0	1	1	0	0	0	0	0	0	0	0	0	0	1	0	0	0	0	0
406	1996	0	0	0	0	0	0	0	0	0	0	0	1	0	0	0	0	1	0	0
407	1996	0	0	0	0	0	1	0	0	0	0	0	0	0	0	0	0	0	0	0
408	1996	0	0	0	1	0	1	0	0	0	0	0	0	0	0	0	0	1	0	0
409	1996	0	0	0	0	0	1	0	0	1	0	0	0	0	0	0	0	0	0	0
410	1996	0	0	0	0	0	1	0	0	0	0	0	0	0	0	0	0	0	0	0
411	1996	0	0	0	0	0	1	0	0	0	1	0	0	0	0	1	1	0	0	0
412	1996	0	0	0	0	0	1	0	0	0	0	0	0	0	0	0	0	0	0	0
413	1996	0	0	0	0	0	0	0	0	0	0	0	1	0	0	0	0	0	0	0
414	1982	0	0	0	0	0	1	0	0	0	0	0	0	0	0	0	0	0	0	0
415	1975	0	0	0	0	1	1	0	0	0	0	0	0	0	0	0	0	0	0	1
416	1957	0	0	0	0	1	0	0	0	1	0	0	0	0	0	0	0	0	0	0
417	1961	0	0	0	0	1	0	0	0	1	0	0	0	0	0	0	0	0	0	0
418	1950	0	0	0	1	1	0	0	0	0	0	0	0	1	0	0	0	0	0	0
419	1964	0	0	0	0	1	1	0	0	0	0	0	0	1	0	0	0	0	0	0
420	1951	0	0	0	1	1	0	0	0	0	0	0	0	1	0	0	0	0	0	0
421	1996	0	0	0	0	0	0	0	0	1	0	0	0	0	0	1	0	0	0	0
422	1996	0	0	0	1	1	1	0	0	0	0	0	0	0	0	0	0	0	0	0
423	1982	0	0	0	0	1	0	0	0	1	1	0	0	0	0	0	1	0	0	0
424	1996	0	0	0	0	0	0	0	0	0	0	0	1	0	0	0	0	0	0	0
425	1992	0	0	0	0	0	1	0	0	0	0	0	0	0	0	0	0	0	0	0
426	1986	0	1	0	1	1	0	0	0	0	0	0	0	0	0	0	1	1	1	0
427	1962	0	0	0	0	0	0	0	0	1	0	0	0	0	0	0	0	0	0	0
428	1971	0	0	0	0	0	1	0	0	0	0	0	0	0	0	0	0	0	0	0
429	1951	0	0	0	0	0	0	0	0	1	0	0	0	0	0	0	1	0	0	0
430	1933	0	0	0	0	0	1	0	0	0	0	0	0	0	0	0	0	0	1	0
431	1986	0	1	1	0	0	0	0	0	0	0	0	0	0	0	0	0	0	0	0
432	1940	0	0	0	1	1	0	0	0	0	0	0	0	1	0	0	0	0	0	0
433	1989	0	0	0	0	0	1	0	0	0	0	0	0	0	0	0	0	0	0	0
434	1956	0	0	0	0	0	0	0	0	0	0	0	0	0	0	0	1	0	0	0
435	1969	0	1	0	0	0	1	0	0	0	0	0	0	0	0	0	0	0	0	1
436	1981	0	0	0	0	0	0	0	0	0	0	0	1	0	0	0	0	0	0	0
437	1992	0	0	0	0	0	0	0	0	0	0	0	1	0	0	0	0	0	0	0
438	1983	0	0	0	0	0	0	0	0	0	0	0	1	0	0	0	0	0	0	0
439	1993	0	0	0	0	0	0	0	0	0	0	0	1	0	0	0	0	0	0	0
440	1982	0	0	0	0	0	0	0	0	0	0	0	1	0	0	0	0	0	0	0
441	1979	0	0	0	0	0	0	0	0	0	0	0	1	0	0	0	0	0	0	0
442	1990	0	0	0	0	0	0	0	0	0	0	0	1	0	0	0	0	0	0	0
443	1963	0	0	0	0	0	0	0	0	0	0	0	1	0	0	0	0	0	0	0
444	1958	0	0	0	0	0	0	0	0	0	0	0	1	0	0	0	1	0	0	0
445	1945	0	0	0	0	0	0	0	0	0	0	0	1	0	0	0	0	0	0	0
446	1976	0	0	0	0	0	0	0	0	0	0	0	1	0	0	0	0	0	0	0
447	1976	0	0	0	0	0	0	0	0	0	0	0	1	0	0	0	0	0	0	0
448	1976	0	0	0	0	0	0	0	0	0	0	0	1	0	0	0	0	0	0	0
449	1979	0	1	1	0	0	0	0	0	0	0	0	0	0	0	0	1	0	0	0
450	1989	0	1	1	0	0	0	0	0	0	0	0	0	0	0	0	1	0	0	0
451	1978	0	0	0	0	0	1	0	0	0	0	0	0	1	0	1	0	0	0	0
452	1978	0	1	0	0	0	0	0	0	0	0	0	1	0	0	0	0	0	0	0
453	1983	0	1	0	0	0	0	0	0	0	0	0	1	0	0	0	0	0	0	0
454	1996	0	0	0	0	0	0	0	0	1	0	0	0	0	0	0	0	0	0	0
455	1997	0	1	0	0	0	0	0	0	0	0	0	0	0	0	0	0	0	0	0
456	1997	0	1	0	0	0	1	0	0	0	0	0	0	0	0	0	0	0	0	0
457	1997	0	0	1	0	1	0	0	0	1	0	0	0	0	0	0	0	0	0	0
458	1995	0	0	0	0	0	0	0	0	1	0	0	0	0	0	0	0	0	0	0
459	1995	0	0	0	0	0	0	0	0	1	0	0	0	0	0	0	0	0	0	0
460	1995	0	0	0	0	0	0	0	0	1	0	0	0	0	0	0	0	0	0	0
461	1995	0	0	0	0	0	0	0	0	1	0	0	0	0	0	0	0	0	0	0
462	1992	0	0	0	0	0	0	0	0	1	0	0	0	0	0	1	0	0	0	0
463	1994	0	0	1	0	0	0	0	0	0	0	0	0	0	0	0	0	0	0	0
464	1994	0	0	0	0	0	0	0	0	1	0	0	0	0	0	0	0	0	0	0
465	1994	0	0	1	0	1	0	0	0	0	0	0	0	0	0	1	0	0	0	0
466	1992	0	0	0	0	0	0	0	0	0	0	0	0	0	0	0	0	1	0	0
467	1993	0	0	0	0	0	0	0	0	1	0	0	0	0	0	0	0	0	0	0
468	1993	0	0	0	0	0	0	0	0	1	0	0	0	0	0	0	0	0	0	0
469	1993	0	0	0	0	0	0	0	0	1	0	0	0	0	0	0	0	0	0	0
470	1993	0	0	0	0	0	0	0	0	0	0	0	0	0	0	0	0	0	0	1
471	1996	0	0	0	0	0	0	0	0	1	0	0	0	0	0	0	0	0	1	0
472	1996	0	1	1	0	0	0	0	0	0	1	0	0	0	0	0	0	0	0	0
473	1996	0	0	0	1	1	0	0	0	0	0	0	0	1	0	0	0	0	0	0
474	1963	0	0	0	0	0	0	0	0	0	0	0	0	0	0	0	1	0	1	0
475	1996	0	0	0	0	0	0	0	0	1	0	0	0	0	0	0	0	0	0	0
476	1996	0	0	0	0	0	1	0	0	0	0	0	0	0	0	0	0	0	0	0
477	1996	0	0	0	0	1	1	0	0	0	0	0	0	0	0	0	0	0	0	0
478	1940	0	0	0	0	0	1	0	0	0	0	0	0	0	0	1	0	0	0	0
479	1958	0	0	0	0	0	0	0	0	0	0	0	0	0	1	0	0	1	0	0
480	1959	0	0	0	0	0	1	0	0	0	0	0	0	0	0	0	0	1	0	0
481	1960	0	0	0	0	0	1	0	0	1	0	0	0	0	0	0	0	0	0	0
482	1959	0	0	0	0	0	1	1	0	0	0	0	0	0	0	0	0	0	0	0
483	1942	0	0	0	0	0	0	0	0	1	0	0	0	0	0	1	0	0	1	0
484	1941	0	0	0	0	0	0	0	0	0	0	1	0	0	1	0	0	0	0	0
485	1964	0	0	0	0	0	0	0	0	0	0	0	0	1	0	1	0	0	0	0
486	1954	0	0	0	0	0	1	0	0	0	0	0	0	0	0	1	0	0	0	0
487	1953	0	0	0	0	0	1	0	0	0	0	0	0	0	0	1	0	0	0	0
488	1950	0	0	0	0	0	0	0	0	0	0	1	0	0	0	0	0	0	0	0
489	1946	0	0	0	0	0	0	0	0	0	0	1	0	0	0	1	0	1	0	0
490	1955	0	0	0	0	0	1	0	0	0	0	0	0	0	0	1	0	1	0	0
491	1938	0	1	1	0	0	0	0	0	0	0	0	0	0	0	0	0	0	0	0
492	1955	0	0	0	0	0	0	0	0	1	0	0	0	0	0	0	0	0	0	0
493	1934	0	0	0	0	0	0	0	0	0	0	0	0	0	1	0	0	0	0	0
494	1940	0	0	0	0	0	1	0	0	0	0	0	0	0	0	0	0	0	0	0
495	1956	0	0	1	0	0	1	0	0	0	0	0	0	0	0	0	0	0	0	0
496	1946	0	0	0	0	0	0	0	0	1	0	0	0	0	0	0	0	0	0	0
497	1938	0	0	0	0	0	1	0	0	0	0	0	0	0	0	0	0	0	0	0
498	1951	0	1	1	0	0	0	0	0	0	0	0	0	0	0	1	0	0	1	0
499	1958	0	0	0	0	0	0	0	0	1	0	0	0	0	0	0	0	0	0	0
500	1996	0	0	1	0	1	0	0	0	0	0	0	0	0	0	0	0	0	0	0
501	1941	0	0	0	1	1	0	0	0	0	0	0	0	1	0	0	0	0	0	0
502	1971	0	0	0	0	0	1	0	0	0	0	0	0	0	0	0	0	0	1	0
503	1972	0	0	0	0	0	0	0	0	1	0	0	0	0	0	0	0	0	0	0
504	1967	0	0	0	0	0	0	1	0	1	0	0	0	0	0	0	0	0	0	0
505	1954	0	0	0	0	0	0	0	0	0	0	0	0	0	1	0	0	1	0	0
506	1955	0	0	0	0	0	0	0	0	1	0	0	0	0	0	0	0	0	0	0
507	1951	0	0	0	0	0	0	0	0	1	0	0	0	0	0	0	0	0	0	0
508	1996	0	0	0	0	0	0	0	0	1	0	0	0	0	0	0	0	0	0	0
509	1989	0	0	0	0	0	0	0	0	1	0	0	0	0	0	0	0	0	0	0
510	1954	0	1	0	0	0	0	0	0	1	0	0	0	0	0	0	0	0	0	1
511	1962	0	0	1	0	0	0	0	0	0	0	0	0	0	0	0	0	0	1	0
512	1987	0	0	0	0	0	1	0	0	1	0	0	0	0	0	1	0	0	0	0
513	1949	0	0	0	0	0	0	0	0	0	0	0	0	0	1	0	0	1	0	0
514	1977	0	0	0	0	0	1	0	0	0	0	0	0	0	0	1	0	0	0	0
515	1997	0	1	0	0	0	0	0	0	1	0	0	0	0	0	0	0	0	1	0
516	1983	0	0	0	0	0	1	0	0	0	0	0	0	0	0	0	0	0	0	0
517	1979	0	0	0	0	0	1	0	0	1	0	0	0	0	0	1	0	0	0	0
518	1990	0	0	0	0	0	0	0	0	1	0	0	0	0	0	0	0	0	0	0
519	1948	0	0	1	0	0	0	0	0	0	0	0	0	0	0	0	0	0	0	0
520	1963	0	0	1	0	0	0	0	0	0	0	0	0	0	0	0	0	0	1	0
521	1978	0	0	0	0	0	0	0	0	1	0	0	0	0	0	0	0	0	1	0
522	1986	0	0	0	0	0	1	0	0	1	0	0	0	0	0	0	0	0	0	0
523	1967	0	0	0	0	0	1	0	0	1	0	0	0	0	0	0	0	0	0	0
524	1940	0	0	0	0	0	1	0	0	0	0	0	0	0	0	0	0	0	0	0
525	1946	0	0	0	0	0	0	0	0	0	0	1	0	0	1	0	0	0	0	0
526	1959	0	1	1	0	0	0	0	0	1	0	0	0	0	0	0	0	0	0	0
527	1982	0	0	0	0	0	0	0	0	1	0	0	0	0	0	0	0	0	0	0
528	1984	0	0	0	0	0	0	0	0	1	0	0	0	0	0	0	0	0	1	0
529	1985	0	0	0	0	0	0	0	0	1	0	0	0	0	0	0	0	0	0	0
530	1975	0	0	1	0	0	0	0	0	0	0	0	0	0	0	0	0	0	0	0
531	1996	0	0	0	0	0	0	0	0	1	0	0	0	0	0	1	0	0	0	0
532	1997	0	0	0	0	0	0	0	0	0	0	0	0	0	0	1	0	0	0	0
533	1997	0	0	0	0	0	0	0	0	0	0	0	0	0	1	0	0	0	0	0
534	1997	0	0	0	0	0	0	0	0	1	0	0	0	0	0	0	0	0	0	0
535	1997	0	0	0	0	0	1	0	0	0	0	0	0	0	0	1	0	0	0	0
536	1997	0	0	0	0	0	0	0	0	1	0	0	0	0	0	0	0	0	0	0
537	1991	0	0	0	0	0	0	0	0	1	0	0	0	0	0	0	0	0	0	0
538	1997	0	0	0	1	1	0	0	0	0	0	0	0	1	0	0	0	0	0	0
539	1997	0	0	0	0	1	1	0	0	0	0	0	0	0	0	0	0	0	0	0
540	1995	0	1	0	0	0	0	0	0	0	0	0	0	0	0	0	0	0	0	0
541	1995	0	1	1	0	0	0	0	0	0	0	0	0	0	0	0	0	0	0	0
542	1995	0	0	0	1	1	0	0	0	0	0	0	0	1	0	1	0	0	0	0
543	1995	0	0	0	0	0	0	0	0	1	0	0	0	1	0	0	0	0	0	0
544	1996	0	0	0	0	0	0	1	0	1	0	0	0	0	0	1	0	0	0	0
545	1995	0	0	0	0	0	1	0	0	0	0	0	0	0	0	1	0	0	0	0
546	1996	0	1	0	0	0	0	0	0	0	0	0	0	0	0	0	0	1	0	0
547	1996	0	0	0	0	0	0	1	0	0	0	0	0	0	0	0	0	0	0	0
548	1996	0	0	0	0	1	0	0	0	0	1	0	0	0	0	0	0	0	0	0
549	1995	0	0	0	0	0	0	0	0	1	0	0	0	0	0	1	0	0	1	0
550	1995	0	1	0	0	0	0	0	0	0	0	0	0	0	0	0	0	1	0	0
551	1995	0	0	0	0	0	0	0	0	0	0	0	1	0	0	0	0	0	0	0
552	1995	0	0	0	0	0	0	0	0	0	0	0	0	0	0	0	1	0	0	0
553	1995	0	0	0	0	0	0	0	0	1	0	0	0	0	0	1	0	0	0	0
554	1995	0	1	1	0	0	0	0	0	0	0	0	0	0	0	0	0	0	0	0
555	1995	0	0	0	0	0	0	0	0	1	0	0	0	0	0	0	0	0	0	0
556	1995	0	0	0	0	0	0	0	0	0	0	0	0	0	0	0	0	0	0	1
557	1994	0	0	0	0	0	0	0	0	1	0	0	0	1	0	0	0	0	0	0
558	1994	0	0	0	0	0	0	0	0	1	1	0	0	0	0	0	0	1	0	0
559	1994	0	0	0	0	0	0	0	0	1	0	0	1	0	0	0	0	0	0	0
560	1995	0	0	1	0	1	1	0	0	0	1	0	0	0	0	1	1	0	0	0
561	1994	0	0	0	0	0	0	0	0	1	0	0	1	0	0	0	0	0	0	0
562	1995	0	1	1	0	0	0	0	0	0	0	0	0	0	0	0	0	0	0	1
563	1995	0	0	0	0	0	0	0	0	0	0	0	1	0	0	0	0	0	0	0
564	1995	0	0	0	0	0	1	0	0	0	0	0	1	0	0	0	0	0	0	0
565	1995	0	0	0	0	0	0	0	0	0	0	0	1	0	0	0	0	1	0	0
566	1994	0	1	1	0	0	0	0	0	0	0	0	0	0	0	0	0	1	0	0
567	1994	0	0	0	0	0	0	0	0	0	0	0	1	0	0	0	0	0	0	0
568	1994	0	1	0	0	0	0	0	0	0	0	0	0	0	0	1	0	1	0	0
569	1994	0	0	0	0	0	0	0	0	1	0	0	1	0	0	0	0	0	0	0
570	1994	0	0	0	0	0	0	0	0	0	0	0	0	0	0	0	0	0	0	1
571	1993	0	0	0	0	0	1	0	0	0	0	0	0	0	0	0	0	1	0	0
572	1994	0	1	0	0	0	0	0	0	0	0	0	0	0	0	0	0	1	0	0
573	1993	0	0	0	0	0	0	0	0	0	0	0	1	0	0	0	1	1	0	0
574	1993	0	0	0	0	0	0	0	0	0	0	0	0	0	1	1	0	1	0	0
575	1994	0	0	0	0	0	1	0	0	0	0	0	0	0	0	0	0	0	0	1
576	1993	0	1	1	0	0	0	1	0	0	0	0	0	0	0	0	0	0	0	0
577	1993	0	0	0	0	0	1	0	0	0	0	0	0	0	0	0	1	0	0	0
578	1993	0	1	0	0	0	0	0	0	0	0	0	0	0	0	0	1	0	0	0
579	1993	0	0	0	0	0	1	0	0	0	0	0	0	0	0	0	0	0	0	0
580	1995	0	0	0	0	0	1	0	0	0	0	0	0	0	0	1	0	0	0	0
581	1993	0	0	0	0	0	0	0	0	1	0	0	0	0	0	0	0	1	0	0
582	1993	0	0	0	0	0	0	0	0	1	0	0	0	0	0	1	0	0	0	0
583	1993	0	0	0	0	0	0	1	0	0	0	0	0	0	0	0	0	1	0	0
584	1993	0	0	0	0	1	0	0	0	1	0	0	0	0	0	0	0	0	0	0
585	1993	0	0	0	0	0	1	0	0	0	0	0	0	0	0	0	0	0	0	0
586	1994	0	1	0	0	0	0	0	0	0	0	0	0	0	0	0	0	0	0	0
587	1993	0	0	0	0	0	0	0	0	1	0	0	0	0	1	0	0	0	0	0
588	1991	0	0	0	1	1	0	0	0	0	0	0	0	1	0	0	0	0	0	0
589	1969	0	0	0	0	0	0	0	0	0	0	0	0	0	0	0	0	0	0	1
590	1996	0	1	0	0	0	0	0	0	0	0	0	1	0	0	0	1	0	0	0
591	1996	0	0	0	0	0	0	0	0	1	0	0	0	0	0	0	0	1	0	0
592	1995	0	0	0	0	0	0	0	0	0	0	0	0	0	1	0	0	1	0	0
593	1993	0	0	0	0	0	0	0	0	0	0	0	0	0	0	0	0	0	1	0
594	1996	0	0	0	0	0	0	0	0	1	0	0	0	0	0	1	0	0	0	0
595	1996	0	0	0	0	0	0	0	0	0	0	0	0	0	0	0	0	1	0	0
596	1996	0	0	0	1	1	0	0	0	0	0	0	0	1	0	0	0	0	0	0
597	1996	0	1	0	0	0	0	0	0	0	0	0	0	0	0	0	0	1	0	0
598	1996	0	0	0	0	0	1	0	0	1	0	0	0	0	0	0	0	0	0	0
599	1996	0	1	0	0	0	0	0	0	0	0	0	0	0	0	0	0	0	0	0
600	1996	0	0	0	0	1	0	0	0	0	0	0	0	0	0	0	0	0	0	0
601	1943	0	0	1	0	0	0	0	0	0	0	0	0	0	0	0	0	0	1	0
602	1951	0	0	0	0	0	0	0	0	0	0	0	0	1	0	1	0	0	0	0
603	1954	0	0	0	0	0	0	0	0	0	0	0	0	0	1	0	0	1	0	0
604	1934	0	0	0	0	0	1	0	0	0	0	0	0	0	0	0	0	0	0	0
605	1944	0	0	0	0	0	0	0	0	0	0	0	0	1	0	0	0	0	0	0
606	1950	0	0	0	0	0	0	0	0	1	0	0	0	0	0	0	0	0	0	0
607	1940	0	0	0	0	0	0	0	0	0	0	0	0	0	0	1	0	1	0	0
608	1945	0	0	0	0	0	0	0	0	0	0	0	0	0	1	1	0	1	0	0
609	1950	0	0	0	0	0	1	0	0	0	0	0	0	0	0	0	0	0	0	0
610	1958	0	0	0	0	0	0	0	0	0	0	0	0	1	0	0	0	0	0	0
611	1944	0	0	0	0	0	0	1	0	0	0	1	0	0	1	0	0	0	0	0
612	1937	0	0	0	0	0	0	0	0	1	0	0	0	0	0	0	0	0	0	0
613	1936	0	0	0	0	0	1	0	0	0	0	0	0	0	0	0	0	0	0	0
614	1956	0	0	0	0	0	0	0	0	1	0	0	0	0	0	0	0	0	0	0
615	1935	0	0	0	0	0	0	0	0	0	0	0	0	0	0	0	0	1	0	0
616	1968	0	0	0	0	0	0	0	0	0	0	0	1	0	0	0	1	0	0	0
617	1930	0	0	0	0	0	0	0	0	1	0	0	0	0	0	0	0	0	0	0
618	1955	0	0	0	0	0	0	0	0	1	0	0	0	0	0	0	0	0	0	0
619	1996	0	0	0	0	0	0	0	0	1	0	0	0	0	0	0	0	1	0	0
620	1996	0	0	0	0	0	0	0	0	1	0	0	0	0	0	0	0	0	0	0
621	1955	0	0	0	0	0	0	0	0	0	0	0	0	0	0	0	0	0	0	1
622	1960	0	0	1	0	1	0	0	0	0	0	0	0	0	0	0	0	0	0	0
623	1994	0	0	0	0	1	1	0	0	0	0	0	0	0	0	0	0	0	0	0
624	1945	0	0	0	1	1	0	0	0	0	0	0	0	1	0	0	0	0	0	0
625	1963	0	0	0	1	1	0	0	0	0	0	0	0	0	0	0	0	0	0	0
626	1949	0	0	0	0	1	0	0	0	1	0	0	0	0	0	0	0	0	0	0
627	1991	0	0	0	0	0	0	0	0	1	0	0	0	0	0	0	0	0	0	0
628	1996	0	0	0	0	0	0	1	0	1	0	0	0	0	0	0	0	0	0	0
629	1982	0	0	0	0	0	1	0	0	0	0	0	0	1	0	0	0	0	0	0
630	1965	0	0	0	0	0	1	0	0	0	0	0	0	1	0	0	0	0	0	0
631	1992	0	1	0	0	0	0	0	0	1	0	0	0	0	0	1	0	0	1	0
632	1982	0	0	0	0	0	0	0	0	1	0	0	0	0	0	0	0	0	0	0
633	1938	0	0	0	0	0	0	0	0	1	0	0	0	0	0	0	0	0	0	0
634	1996	0	0	0	0	0	0	0	1	0	0	0	0	0	0	0	0	0	0	0
635	1980	0	0	0	0	0	0	0	0	0	0	0	1	0	0	0	0	0	0	0
636	1981	0	1	1	0	0	0	0	0	0	0	0	0	0	0	0	1	1	0	0
637	1981	0	0	0	0	0	1	0	0	0	0	0	1	0	0	0	0	0	0	0
638	1982	0	0	0	0	0	0	0	0	1	0	0	0	0	0	0	0	0	0	0
639	1979	0	0	0	0	0	0	0	0	1	0	0	0	0	0	0	0	0	0	0
640	1989	0	0	0	0	0	0	0	0	1	0	0	0	0	0	0	0	0	0	0
641	1957	0	0	0	0	0	0	0	0	1	0	0	0	0	0	0	0	0	1	0
642	1990	0	0	0	0	0	0	1	0	1	0	1	0	0	0	0	0	0	0	0
643	1994	0	0	0	0	0	0	0	0	1	0	0	0	0	0	1	0	0	0	0
644	1988	0	0	0	0	0	0	0	1	0	0	0	0	0	0	0	0	0	0	0
645	1990	0	0	0	0	0	0	0	1	0	0	0	0	0	0	0	0	0	0	0
646	1969	0	0	0	0	0	0	0	0	0	0	0	0	0	0	0	0	0	0	1
647	1985	0	0	0	0	0	0	0	0	1	0	0	0	0	0	0	0	0	1	0
648	1952	0	0	0	0	0	1	0	0	0	0	0	0	0	0	1	0	0	0	0
649	1984	0	0	0	0	0	0	1	0	1	0	0	0	0	0	0	0	1	0	0
650	1957	0	0	0	0	0	0	0	0	1	0	0	0	0	0	0	0	0	0	0
651	1989	0	1	0	0	0	0	0	0	1	0	0	0	0	0	0	0	0	1	0
652	1990	0	0	0	0	0	1	0	0	1	0	0	0	0	0	0	0	0	0	0
653	1958	0	0	0	0	0	0	1	0	0	0	1	0	0	0	0	0	1	0	0
654	1974	0	0	0	0	0	0	0	0	0	0	1	0	0	1	0	0	1	0	0
655	1986	0	0	1	0	0	1	0	0	1	0	0	0	0	0	0	0	0	0	0
656	1931	0	0	0	0	0	0	1	0	0	0	1	0	0	0	0	0	1	0	0
657	1962	0	0	0	0	0	0	0	0	0	0	1	0	0	0	0	0	1	0	0
658	1990	0	0	0	0	0	0	0	0	1	0	0	0	0	0	0	0	0	0	0
659	1944	0	0	0	0	0	1	0	0	0	0	0	0	0	1	0	0	1	0	0
660	1991	0	0	0	0	0	0	0	0	1	0	0	0	0	0	0	0	0	0	0
661	1952	0	0	0	0	0	0	0	0	0	0	0	0	0	0	0	0	0	0	1
662	1980	0	0	0	0	0	0	0	0	1	0	0	0	0	0	1	0	0	0	0
663	1979	0	0	0	0	0	1	0	0	0	0	0	0	0	0	0	0	0	0	0
664	1984	0	0	0	0	0	0	0	0	1	0	0	0	0	0	0	0	0	0	0
665	1992	0	1	0	0	0	0	0	0	0	0	0	1	0	0	0	1	1	0	0
666	1974	0	0	0	0	0	0	0	0	0	0	0	1	0	0	0	0	0	0	0
667	1977	0	0	0	0	0	0	0	0	0	0	0	1	0	0	0	0	0	0	0
668	1981	0	1	0	0	0	0	0	0	0	0	0	1	0	0	0	0	0	0	0
669	1991	0	0	0	0	0	0	0	0	0	0	0	1	0	0	0	0	0	0	0
670	1993	0	0	0	0	0	0	0	0	0	0	0	1	0	0	0	1	1	0	0
671	1935	0	0	0	0	0	0	0	0	0	0	0	1	0	0	0	0	0	0	0
672	1992	0	0	0	0	0	0	0	0	0	0	0	1	0	0	0	0	0	0	0
673	1962	0	0	0	0	0	0	0	0	0	0	1	0	0	0	0	0	1	0	0
674	1982	0	0	0	0	0	0	0	0	0	0	0	1	0	0	0	0	0	0	0
675	1922	0	0	0	0	0	0	0	0	0	0	0	1	0	0	0	0	0	0	0
676	1996	0	0	0	0	0	0	0	0	1	0	0	0	0	0	0	0	0	0	0
677	1997	0	0	0	0	0	0	0	1	0	0	0	0	0	0	0	0	0	0	0
678	1997	0	0	0	0	0	0	0	0	1	0	0	0	0	0	0	0	1	0	0
679	1981	0	1	1	0	0	0	0	0	0	0	0	0	0	0	0	0	0	0	0
680	1997	0	1	1	0	0	0	0	0	0	0	0	0	0	0	0	0	0	0	0
681	1997	0	0	0	0	0	0	0	0	0	0	0	1	0	0	0	0	0	0	0
682	1997	0	0	0	0	0	0	0	0	0	0	0	1	0	1	0	0	1	0	0
683	1997	0	0	0	0	0	1	0	0	0	0	0	0	0	0	0	0	0	0	0
684	1993	0	1	0	0	0	0	0	0	0	0	0	0	0	0	0	0	1	0	0
685	1996	0	1	0	0	0	0	0	0	0	0	0	0	0	0	0	0	1	0	0
686	1993	0	1	0	0	0	0	0	0	1	0	0	0	0	0	0	0	0	0	0
687	1997	0	0	0	0	0	1	0	0	0	0	0	0	0	0	0	0	0	1	0
688	1997	0	0	0	0	0	1	0	0	0	0	0	0	0	0	0	0	0	0	0
689	1997	0	1	0	0	0	0	0	0	0	0	0	0	0	0	0	0	1	0	0
690	1997	0	0	0	0	0	0	0	0	1	0	0	0	0	0	0	0	0	1	0
691	1998	0	0	0	0	0	0	0	0	0	0	1	0	0	0	0	1	1	0	0
692	1995	0	0	0	0	0	1	0	0	1	0	0	0	0	0	1	0	0	0	0
693	1995	0	0	0	0	0	0	0	0	1	0	0	0	0	0	0	0	0	0	0
694	1995	0	0	0	0	0	0	0	0	0	0	0	0	0	0	1	0	0	0	0
695	1995	0	0	0	0	0	1	0	0	1	0	0	0	0	0	0	0	0	0	0
696	1996	0	0	0	0	0	0	0	0	1	0	0	0	0	0	0	0	1	0	0
697	1995	0	0	0	0	0	0	0	0	1	0	0	0	0	0	0	0	0	0	0
698	1994	0	0	0	0	0	0	0	0	1	0	0	0	0	0	0	0	0	0	0
699	1994	0	0	0	0	0	0	0	0	1	0	0	0	0	0	0	0	0	0	0
700	1995	0	0	0	0	0	1	0	0	0	0	0	0	0	0	0	0	0	0	0
701	1993	0	0	0	0	0	0	0	1	0	0	0	0	0	0	0	0	0	0	0
702	1994	0	0	0	0	0	1	0	0	0	0	0	0	0	0	1	0	0	0	0
703	1994	0	0	0	0	0	0	0	0	1	0	0	0	0	0	0	0	0	0	0
704	1993	0	0	0	0	0	0	0	0	1	0	0	0	0	0	1	0	0	0	0
705	1952	0	0	0	0	0	0	0	0	0	0	0	0	1	0	1	0	0	0	0
706	1996	0	0	0	0	0	0	0	0	0	0	0	1	0	0	0	0	0	0	0
707	1991	0	0	0	0	0	0	0	0	1	0	0	0	0	0	0	0	0	0	0
708	1989	0	0	0	0	0	0	0	0	1	0	0	0	0	0	0	0	0	0	0
709	1992	0	0	0	0	0	1	0	0	0	0	0	0	0	0	1	0	0	0	0
710	1985	0	0	0	0	0	1	0	0	0	0	0	0	0	0	0	0	0	0	0
711	1996	0	0	0	0	0	0	0	0	1	0	0	0	0	0	0	0	0	0	0
712	1987	0	0	0	0	0	1	0	0	1	0	0	0	0	0	0	0	0	0	0
713	1995	0	0	0	0	0	0	0	0	1	0	0	0	0	0	0	0	0	0	0
714	1995	0	0	0	0	0	0	0	0	1	0	0	0	0	0	1	0	0	0	0
715	1995	0	0	0	0	0	1	0	0	1	0	0	0	0	0	0	0	0	0	0
716	1995	0	0	0	0	0	0	0	0	1	0	0	0	0	0	1	0	0	0	0
717	1996	0	0	0	0	0	0	0	0	1	0	0	0	0	0	0	0	1	0	0
718	1996	0	0	0	0	0	1	0	0	0	0	0	0	0	0	0	0	0	0	0
719	1994	0	0	0	0	0	1	0	0	0	0	0	0	0	0	0	0	0	1	0
720	1995	0	1	1	0	0	0	0	0	1	0	0	0	0	0	1	0	0	0	0
721	1995	0	0	0	0	0	1	0	0	0	0	0	0	0	0	0	0	0	0	0
722	1995	0	0	0	0	0	1	0	0	0	0	0	0	0	0	0	0	0	0	0
723	1995	0	0	0	0	0	1	0	0	1	0	0	0	0	0	0	0	0	0	0
724	1995	0	0	0	0	0	0	0	0	1	0	0	0	0	0	1	0	0	0	0
725	1994	0	0	0	0	0	1	0	0	0	0	0	0	0	0	0	0	0	0	0
726	1995	0	0	0	0	1	0	0	0	1	0	0	0	0	0	0	0	0	0	0
727	1994	0	0	0	0	0	0	0	0	1	0	0	0	0	0	1	0	0	0	0
728	1994	0	0	0	0	0	1	0	0	0	0	0	0	0	0	0	1	0	0	0
729	1994	0	0	0	0	0	0	0	0	1	0	0	0	0	0	0	0	0	0	0
730	1996	0	0	0	0	0	0	0	0	1	0	0	0	0	0	1	0	0	0	0
731	1994	0	0	0	0	0	1	0	0	1	0	0	0	0	0	1	0	0	0	0
732	1993	0	0	0	0	0	1	0	0	0	0	0	0	0	0	1	0	0	0	0
733	1994	0	0	0	0	0	0	0	0	1	0	0	0	0	0	1	0	0	0	0
734	1993	0	0	0	0	0	1	0	0	0	0	0	0	0	0	0	0	0	0	0
735	1993	0	0	0	0	0	0	0	0	1	0	0	0	0	0	0	0	0	0	0
736	1993	0	0	0	0	0	0	0	0	1	0	0	0	0	0	1	0	0	0	0
737	1994	0	0	0	0	0	1	0	0	1	0	0	0	0	0	0	0	0	0	0
738	1994	0	0	0	0	0	1	0	0	0	0	0	0	0	0	1	0	0	0	0
739	1990	0	0	0	0	0	1	0	0	0	0	0	0	0	0	1	0	0	0	0
740	1996	0	0	0	0	0	0	0	0	1	0	0	0	0	0	1	0	0	0	0
741	1996	0	0	0	0	0	0	0	0	1	0	0	0	0	0	0	0	1	0	0
742	1996	0	0	0	0	0	0	0	0	1	0	0	0	0	0	0	0	1	0	0
743	1996	0	1	0	0	0	0	0	0	0	0	0	0	0	0	0	0	1	0	0
744	1996	0	0	0	0	0	0	0	0	1	0	0	0	0	0	0	0	0	1	0
745	1972	0	0	0	0	0	1	0	0	0	0	0	0	0	0	0	0	0	0	0
746	1985	0	0	0	0	0	1	0	0	0	0	0	0	0	0	0	0	0	0	0
747	1993	0	0	0	0	0	1	0	0	0	0	0	0	0	0	1	0	0	0	0
748	1997	0	1	0	0	0	0	0	0	0	0	0	0	0	0	1	0	1	0	0
749	1997	0	0	0	0	0	1	0	0	0	0	0	0	0	0	1	0	0	0	0
750	1997	0	0	0	0	0	0	0	0	1	0	0	0	0	0	0	0	0	0	0
751	1997	0	1	0	0	0	0	0	0	0	0	0	0	0	0	1	0	1	0	0
752	1998	0	1	0	0	0	0	0	0	0	0	0	0	0	0	0	0	1	0	0
753	1994	0	0	0	0	0	0	0	0	1	0	0	0	0	0	0	0	0	0	0
754	1997	0	0	0	0	0	0	1	0	0	0	0	0	0	0	0	0	1	0	0
755	1995	0	1	1	0	1	0	0	0	0	1	0	0	0	0	0	1	0	0	0
756	1995	0	0	0	0	0	1	0	0	0	0	0	0	0	0	0	0	0	0	0
757	1995	0	0	0	0	0	0	0	1	0	0	0	0	0	0	0	0	0	0	0
758	1996	0	0	0	0	0	0	0	0	0	0	0	0	0	0	0	1	1	0	0
759	1995	0	1	0	0	0	0	0	0	0	0	0	0	0	0	0	0	0	0	0
760	1995	0	0	0	0	0	0	0	0	0	0	0	0	0	0	0	1	0	0	0
761	1995	0	1	0	0	0	0	0	0	0	0	0	0	0	0	0	0	1	0	0
762	1996	0	0	0	0	0	0	0	0	1	0	0	0	0	0	0	0	0	0	0
763	1996	0	0	0	0	0	1	0	0	0	0	0	0	0	0	0	0	0	0	0
764	1996	0	0	0	0	0	1	0	0	0	0	0	0	0	0	1	0	0	0	0
765	1992	0	0	0	0	0	1	0	0	0	0	0	0	0	0	1	0	0	0	0
766	1996	0	0	0	0	0	0	0	1	0	0	0	0	0	0	0	0	0	0	0
767	1995	0	0	0	0	0	0	0	0	0	0	0	1	0	0	0	0	0	0	0
768	1995	0	0	1	0	1	0	0	0	0	0	0	0	0	0	0	0	0	0	0
769	1995	0	1	1	0	0	0	0	0	0	0	0	0	0	1	0	1	0	0	0
770	1995	0	0	0	0	0	0	1	0	0	0	1	0	0	1	0	0	1	0	0
771	1995	0	1	0	0	0	0	0	0	0	0	0	0	0	0	0	1	1	0	0
772	1995	0	0	0	0	0	0	0	0	1	0	0	0	0	0	0	0	0	0	0
773	1994	0	0	0	0	0	0	0	0	0	0	0	0	0	0	0	0	1	0	0
774	1995	0	0	0	0	0	0	0	0	0	0	0	1	0	0	0	0	0	0	0
775	1995	0	0	0	0	0	1	0	0	1	0	0	0	0	0	1	0	0	0	0
776	1995	0	0	0	0	0	0	0	0	1	0	0	0	0	0	0	0	0	0	0
777	1995	0	0	0	0	0	0	0	0	0	0	0	1	0	0	0	0	0	0	0
778	1995	0	0	0	0	0	1	0	0	1	0	0	0	0	0	1	0	0	0	0
779	1994	0	1	0	0	0	0	0	0	0	0	0	0	0	0	0	0	0	0	0
780	1994	0	0	0	0	0	1	0	0	0	0	0	0	0	0	0	0	0	0	0
781	1995	0	0	0	0	0	1	0	0	0	0	0	0	0	0	1	0	0	0	0
782	1994	0	0	0	0	0	0	0	0	1	0	0	0	0	0	0	0	0	0	0
783	1994	0	0	0	0	0	1	0	0	0	0	0	0	0	0	1	0	0	0	0
784	1993	0	0	0	0	0	0	0	0	1	0	0	1	0	0	0	0	0	0	0
785	1994	0	0	0	0	0	1	0	0	0	0	0	0	0	0	1	0	0	0	0
786	1995	0	0	0	0	0	1	0	0	0	0	0	0	0	0	1	0	0	0	0
787	1995	0	0	0	0	0	1	0	0	1	0	0	0	0	0	0	0	0	0	0
788	1994	0	0	0	0	0	0	0	0	0	0	0	1	0	0	0	0	1	0	0
789	1995	0	0	0	0	0	1	0	0	1	0	0	0	0	0	0	0	0	0	0
790	1995	0	0	0	0	0	1	0	0	0	0	0	0	0	0	0	0	0	0	0
791	1995	0	0	0	0	1	0	0	0	0	0	0	0	0	0	0	0	0	0	0
792	1994	0	0	0	0	0	1	0	0	0	0	0	0	0	0	0	0	0	0	0
793	1994	0	0	0	0	0	1	0	0	0	0	0	0	0	0	0	0	0	0	0
794	1994	0	0	0	0	0	0	0	0	1	0	0	0	0	0	1	0	0	0	0
795	1994	0	0	0	0	1	1	0	0	0	0	0	0	0	0	0	0	0	0	0
796	1994	0	0	0	0	0	1	0	0	0	0	0	0	0	0	1	0	0	0	0
797	1994	0	1	0	0	0	0	0	0	0	0	0	0	0	0	0	1	0	0	0
798	1995	0	1	0	0	0	0	0	0	0	0	0	0	0	0	0	0	0	0	0
799	1995	0	0	0	0	0	0	0	0	1	0	0	0	0	0	0	0	0	0	0
800	1995	0	0	0	0	0	0	0	0	0	0	0	1	0	0	0	0	1	0	0
801	1994	0	0	0	0	0	1	0	0	0	0	0	0	0	0	0	0	0	0	0
802	1993	0	1	1	0	0	0	1	0	0	0	0	0	0	0	0	0	1	0	0
803	1993	0	1	0	0	0	0	0	0	1	0	0	0	0	0	0	0	0	1	0
804	1994	0	0	0	0	0	1	0	0	0	0	0	0	0	0	0	0	0	0	0
805	1993	0	0	0	0	0	1	0	0	0	0	0	0	0	1	0	0	0	0	0
806	1993	0	1	0	0	0	0	1	0	1	0	0	0	0	0	0	0	0	0	0
807	1993	0	0	0	0	0	0	0	0	1	0	0	0	0	0	0	0	0	0	0
808	1993	0	1	0	0	0	0	0	0	1	0	0	0	0	0	0	0	0	0	0
809	1993	0	1	0	0	0	0	0	0	1	0	0	0	0	1	0	0	0	0	0
810	1994	0	1	0	0	0	0	0	0	0	0	0	0	0	0	0	0	0	0	0
811	1993	0	0	0	0	0	0	0	1	0	0	0	0	0	0	0	0	0	0	0
812	1994	0	0	1	0	1	0	0	0	0	0	0	0	0	0	0	0	0	0	0
813	1996	0	0	0	0	0	0	0	1	0	0	0	0	0	0	0	0	0	0	0
814	1994	0	0	0	0	0	0	0	1	0	0	0	0	0	0	0	0	0	0	0
815	1996	0	0	0	0	0	0	0	0	1	0	0	0	0	0	1	0	0	0	0
816	1995	0	0	0	0	0	0	0	0	0	0	0	1	0	0	0	0	0	0	0
817	1996	0	0	0	0	0	0	0	0	1	0	0	0	0	0	0	0	0	0	0
818	1996	0	0	0	0	0	1	0	0	0	0	0	0	0	0	0	0	0	0	0
819	1996	0	0	0	0	0	1	0	0	0	0	0	0	0	0	0	0	0	0	0
820	1996	0	0	1	1	1	1	0	0	0	1	0	0	0	0	0	0	0	0	0
821	1996	0	0	0	0	0	1	0	0	0	0	0	0	0	0	1	0	0	0	0
822	1968	0	0	0	0	0	0	0	0	1	0	0	0	0	0	0	0	0	0	0
823	1996	0	0	0	0	0	0	1	0	0	0	1	0	0	0	0	0	1	0	0
824	1996	0	0	0	0	0	1	0	0	0	0	0	0	0	0	0	0	0	0	0
825	1996	0	1	0	0	0	0	0	0	0	0	0	0	0	0	0	1	1	0	0
826	1996	0	0	1	0	0	0	0	0	0	0	0	0	0	0	0	0	0	0	0
827	1996	0	1	1	0	0	0	0	0	0	0	0	0	0	0	0	0	1	0	0
828	1996	0	0	1	0	1	0	0	0	0	0	0	0	0	0	0	0	0	0	0
829	1996	0	1	1	0	0	0	0	0	0	0	0	0	0	0	0	0	0	0	0
830	1996	0	1	0	0	0	0	0	0	0	0	0	0	0	1	0	0	1	0	0
831	1996	0	1	1	0	0	0	0	0	0	0	0	0	0	0	0	1	1	0	0
832	1996	0	0	0	0	1	0	0	0	1	1	0	0	0	0	0	0	0	0	0
833	1996	0	1	0	0	0	0	0	0	0	0	0	0	0	0	0	0	0	0	0
834	1995	0	0	0	0	0	0	0	0	0	0	0	1	0	0	0	0	1	0	0
835	1934	0	0	0	0	0	1	0	0	0	0	0	0	1	0	1	0	0	0	0
836	1939	0	0	0	0	0	1	0	0	0	0	0	0	0	0	1	0	0	0	0
837	1941	0	0	0	0	0	0	0	0	1	0	0	0	0	0	0	0	0	0	0
838	1996	0	1	0	0	0	0	0	0	0	0	0	0	0	0	0	0	0	0	0
839	1995	0	0	0	0	0	0	0	0	0	0	0	1	0	0	0	0	1	0	0
840	1996	0	1	0	0	0	0	0	0	1	0	0	0	0	0	0	0	0	0	1
841	1996	0	1	0	0	0	0	0	0	0	0	0	0	0	0	0	0	1	0	0
842	1960	0	0	0	0	1	1	0	0	1	0	0	0	0	0	0	0	0	0	0
843	1959	0	0	0	0	1	1	0	0	0	0	0	0	0	0	0	0	0	0	0
844	1996	0	0	0	0	0	0	1	0	0	0	0	0	0	0	0	0	0	0	0
845	1996	0	0	0	0	0	1	0	0	0	0	0	0	0	0	0	0	0	0	0
846	1996	0	0	0	0	0	0	0	0	1	0	0	0	0	0	1	0	0	0	0
847	1996	0	0	0	0	0	0	0	1	1	0	0	0	0	0	0	0	0	0	0
848	1944	0	0	0	0	0	0	0	0	0	0	1	0	0	0	0	0	1	0	0
849	1990	0	1	0	0	0	0	0	0	0	0	0	0	0	0	1	0	0	0	0
850	1996	0	0	0	0	0	0	0	1	0	0	0	0	0	0	0	0	0	0	0
851	1966	0	0	0	0	0	0	0	0	1	0	0	0	0	0	0	0	0	0	0
852	1996	0	0	0	0	0	0	0	0	1	0	0	0	0	0	0	0	1	0	0
853	1992	0	0	0	0	0	1	0	0	0	0	0	1	0	0	0	0	0	0	0
854	1987	0	0	0	0	0	1	0	0	0	0	0	1	0	0	0	0	0	0	0
855	1981	0	1	0	0	0	0	0	0	1	0	0	0	0	1	1	0	1	0	0
856	1991	0	0	0	0	0	1	0	0	1	0	0	0	0	0	0	0	0	0	0
857	1996	0	0	0	0	0	0	0	1	0	0	0	0	0	0	0	0	0	0	0
858	1996	0	0	0	0	0	0	0	0	0	0	0	1	0	0	0	0	0	0	0
859	1986	0	0	0	0	0	1	0	0	0	0	0	1	0	0	0	0	0	0	0
860	1987	0	0	0	0	0	0	0	0	0	0	0	1	0	0	0	0	1	0	0
861	1986	0	0	0	0	0	0	0	0	0	0	0	1	0	0	0	0	0	0	0
862	1996	0	0	1	0	1	1	0	0	0	0	0	0	0	0	0	0	0	0	0
863	1996	0	0	0	0	0	0	0	0	1	0	0	0	0	0	0	0	0	0	0
864	1996	0	0	0	0	0	1	0	0	0	0	0	0	0	0	0	0	0	0	0
865	1997	0	0	0	0	0	0	0	0	1	0	0	0	0	0	0	0	0	0	0
866	1996	0	0	0	0	0	1	0	0	0	0	0	0	0	0	1	0	0	0	0
867	1996	0	0	0	0	0	0	0	0	1	0	0	0	0	0	0	0	0	0	0
868	1997	0	0	0	0	0	0	0	0	1	0	0	0	0	0	0	0	0	0	0
869	1997	0	0	0	0	0	1	0	0	0	0	0	0	0	0	1	0	0	0	0
870	1997	0	0	0	0	0	0	0	0	0	0	0	0	0	0	1	0	0	0	0
871	1997	0	0	0	0	0	1	0	0	0	0	0	0	0	0	0	0	0	0	0
872	1997	0	0	0	0	0	0	0	0	0	0	0	0	0	0	1	0	0	0	0
873	1997	0	0	0	0	0	1	0	0	0	0	0	0	0	0	1	0	0	0	0
874	1997	0	0	0	0	0	0	0	0	1	0	0	0	0	0	0	0	0	0	0
875	1997	0	0	0	0	0	0	0	0	1	0	0	0	0	0	1	0	0	0	0
876	1997	0	1	0	0	0	1	0	0	0	0	0	0	0	0	0	0	0	0	0
877	1997	0	0	1	0	0	0	0	0	0	0	0	0	0	0	1	0	0	0	0
878	1997	0	0	0	0	1	1	0	0	0	0	0	0	0	1	0	0	0	0	0
879	1997	0	1	0	0	0	0	0	0	0	0	0	0	0	0	0	0	1	1	0
880	1997	0	0	0	0	0	0	0	0	1	0	0	0	0	0	0	0	0	0	0
881	1997	0	1	0	0	0	1	0	0	0	0	0	0	0	0	0	0	0	0	0
882	1997	0	0	0	0	0	0	0	0	1	0	0	0	0	0	0	0	0	0	0
883	1997	0	0	0	0	0	0	0	0	1	0	0	0	0	0	0	0	0	0	0
884	1997	0	0	0	0	0	0	0	1	0	0	0	0	0	0	0	0	0	0	0
885	1998	0	0	0	0	0	0	0	0	0	0	0	1	0	0	0	0	0	0	0
886	1997	0	0	0	0	0	0	0	0	0	0	0	0	0	0	1	0	1	0	0
887	1997	0	0	0	0	0	0	0	0	1	0	0	0	0	0	0	0	0	0	0
888	1997	0	0	0	0	0	0	0	0	1	0	0	0	0	0	0	0	0	0	0
889	1997	0	0	0	0	0	0	0	0	0	0	0	0	0	0	1	0	0	0	0
890	1997	0	1	1	0	0	0	0	0	0	0	0	0	0	0	0	0	0	0	0
891	1997	0	0	0	0	0	0	0	0	1	0	0	0	0	0	0	0	0	1	0
892	1997	0	0	0	0	1	1	0	0	0	1	0	0	0	0	0	0	0	0	0
893	1997	0	0	0	0	0	1	0	0	0	0	0	0	0	0	0	0	0	0	0
894	1997	0	0	0	0	1	1	0	0	0	0	0	0	0	0	0	0	0	0	0
895	1997	0	0	0	0	0	0	0	0	0	0	0	1	0	0	0	0	1	0	0
896	1997	0	0	0	0	0	0	0	0	1	0	0	0	0	0	0	0	0	0	0
897	1995	0	1	1	0	0	0	0	0	0	0	0	0	0	0	0	1	0	0	0
898	1997	0	0	0	0	0	0	0	0	1	0	0	0	0	0	0	0	0	0	0
899	1997	0	0	0	0	0	0	0	0	1	0	0	0	0	0	0	0	0	0	0
900	1997	0	0	0	0	0	0	0	0	1	0	0	0	0	0	0	0	0	0	0
901	1997	0	0	0	0	0	1	0	0	0	0	0	0	0	0	0	0	0	0	0
902	1997	0	0	0	0	0	1	1	0	0	0	0	0	0	1	0	0	1	0	0
903	1997	0	0	0	0	0	0	0	0	1	0	0	0	0	0	1	0	0	0	0
904	1997	0	0	0	0	0	1	0	0	1	0	0	0	0	0	0	0	0	0	0
905	1998	0	0	0	0	0	0	0	0	1	0	0	0	0	0	1	0	0	0	0
906	1997	0	0	0	0	0	0	0	0	1	0	0	0	0	0	1	0	0	0	0
907	1997	0	0	0	0	0	1	0	0	0	0	0	0	0	0	0	0	0	0	0
908	1998	0	0	0	0	0	1	0	0	0	0	0	0	0	0	0	0	0	0	0
909	1998	0	0	0	0	0	0	0	0	1	0	0	0	0	0	0	0	0	0	0
910	1998	0	0	0	0	0	0	0	0	1	0	0	0	0	0	0	0	0	0	0
911	1998	0	0	0	0	0	0	1	0	1	0	0	0	0	0	0	0	0	0	0
912	1998	0	1	0	0	0	0	0	0	0	0	0	0	0	0	0	0	1	0	0
913	1998	0	0	0	0	0	1	0	0	0	0	0	0	0	0	0	0	0	0	0
914	1998	0	0	0	0	0	0	1	0	1	0	0	0	0	1	0	0	1	0	0
915	1998	0	0	0	0	0	0	0	0	1	0	0	0	0	0	0	0	0	0	0
916	1998	0	1	0	0	0	0	0	0	0	0	0	0	0	0	0	1	1	0	0
917	1998	0	1	0	0	0	0	0	0	1	0	0	0	0	0	0	0	1	0	0
918	1998	0	0	0	0	0	0	0	0	0	0	0	0	0	0	1	0	0	0	0
919	1995	0	0	1	0	0	0	0	0	0	0	0	0	0	0	0	1	0	0	0
920	1995	0	0	0	0	0	0	0	0	1	0	0	0	0	0	0	0	0	0	0
921	1993	0	0	0	0	0	0	0	0	1	0	0	0	0	0	1	0	0	0	0
922	1996	0	0	0	0	0	0	0	0	0	0	0	0	0	0	0	0	0	0	1
923	1991	0	0	0	0	0	0	0	0	1	0	0	0	0	0	0	0	0	0	0
924	1996	0	0	1	0	0	0	0	0	1	0	0	0	0	0	0	0	0	0	0
925	1996	0	0	0	0	0	0	0	0	0	0	0	0	0	0	0	1	1	0	0
926	1996	0	0	0	0	0	1	0	0	0	0	0	0	0	0	0	0	0	0	0
927	1996	0	0	0	0	0	0	0	0	1	0	0	0	0	0	0	0	0	0	0
928	1996	0	0	0	0	0	0	0	0	1	0	0	1	0	0	0	0	0	0	0
929	1996	0	0	0	0	1	1	0	0	0	0	0	0	0	0	0	0	0	0	0
930	1996	0	1	1	0	0	0	0	0	0	0	0	0	0	0	0	0	1	0	0
931	1996	0	0	0	0	0	0	0	0	0	0	0	0	0	0	0	1	1	0	0
932	1996	0	0	0	0	1	1	0	0	0	0	0	0	0	0	0	0	0	0	0
933	1996	0	0	0	0	0	0	0	0	1	0	0	0	0	0	0	0	0	0	0
934	1996	0	0	0	0	0	0	0	0	1	0	0	0	0	0	0	0	0	0	0
935	1997	0	0	0	0	0	0	0	0	1	0	0	0	0	0	0	0	0	1	0
936	1997	0	0	0	0	0	1	0	0	1	0	0	0	0	0	1	0	0	0	0
937	1997	0	0	0	0	0	0	0	0	1	0	0	0	0	0	0	0	0	0	0
938	1997	0	0	0	0	0	1	0	0	0	0	0	0	0	0	1	0	0	0	0
939	1995	0	0	0	0	0	0	0	0	1	0	0	0	0	0	0	0	1	0	0
940	1994	0	0	0	0	0	1	0	0	0	0	0	0	0	0	0	0	0	0	0
941	1994	0	0	0	0	0	1	0	0	1	0	0	0	0	0	0	0	0	0	0
942	1993	0	0	0	0	0	0	0	0	1	0	0	0	0	0	0	0	0	0	0
943	1994	0	0	0	0	0	0	0	0	0	0	0	0	0	0	0	0	1	0	0
944	1994	0	0	0	0	0	1	0	0	1	0	0	0	0	0	0	0	0	1	0
945	1963	0	0	0	0	0	1	0	0	0	0	0	0	0	1	1	0	1	0	0
946	1981	0	0	0	1	1	0	0	0	0	0	0	0	0	0	0	0	0	0	0
947	1988	0	0	1	0	0	0	0	0	0	0	0	0	0	0	1	0	0	0	0
948	1997	0	0	0	0	0	1	0	0	0	0	0	0	0	0	1	0	0	0	0
949	1995	0	0	0	0	0	0	0	0	1	0	0	0	0	0	1	0	0	0	0
950	1995	0	0	0	0	0	0	0	0	1	0	0	0	0	0	0	0	0	0	0
951	1995	0	0	1	0	1	0	0	0	0	1	0	0	0	0	0	0	0	0	0
952	1995	0	0	0	0	0	1	0	0	0	0	0	0	0	0	0	0	0	0	0
953	1995	0	0	0	0	0	1	0	0	1	0	0	0	0	0	0	0	0	0	0
954	1995	0	0	0	0	0	0	0	1	0	0	0	0	0	0	0	0	0	0	0
955	1995	0	0	0	0	0	0	0	0	1	0	0	0	0	0	1	0	0	0	0
956	1994	0	0	0	0	0	0	0	0	1	0	0	0	0	0	0	0	0	0	0
957	1992	0	0	0	0	0	1	0	0	0	0	0	0	0	0	0	0	0	0	0
958	1994	0	0	0	0	0	0	0	0	1	0	0	0	0	0	0	0	0	0	0
959	1993	0	0	0	0	0	1	0	0	0	0	0	0	0	0	0	0	0	0	0
960	1993	0	0	0	0	0	0	0	0	1	0	0	0	0	0	0	0	0	0	0
961	1993	0	0	0	0	0	0	0	0	1	0	0	0	0	0	0	0	0	0	0
962	1993	0	0	0	0	0	0	0	0	1	0	0	0	0	0	0	0	0	0	0
963	1993	0	0	0	0	0	0	0	0	1	0	0	0	0	0	0	0	1	0	0
964	1995	0	0	0	0	0	1	0	0	1	0	0	0	0	0	0	0	0	0	0
965	1957	0	0	0	0	0	1	0	0	0	0	0	0	1	0	0	0	0	0	0
966	1957	0	0	0	0	0	0	0	0	0	0	0	0	0	0	1	0	0	0	0
967	1936	0	0	0	0	0	0	0	0	1	0	0	0	0	0	0	0	0	0	0
968	1949	0	0	0	0	0	0	0	0	0	0	0	0	1	0	0	0	0	0	0
969	1968	0	0	0	1	1	0	0	0	0	0	0	0	0	0	0	0	0	0	0
970	1991	0	0	0	0	0	1	0	0	0	0	0	0	0	0	0	0	0	0	0
971	1991	0	0	0	0	0	1	0	0	0	0	0	0	0	0	0	0	0	1	0
972	1992	0	0	0	0	0	0	0	0	1	0	0	0	0	0	0	0	0	0	0
973	1996	0	0	0	0	0	0	0	1	0	0	0	0	0	0	0	0	0	0	0
974	1996	0	0	0	0	0	0	0	0	1	0	0	0	0	0	0	0	1	0	0
975	1996	0	0	0	0	0	0	0	0	0	0	0	0	0	0	0	0	1	0	0
976	1996	0	1	0	0	0	0	0	0	0	0	0	0	0	0	0	1	1	0	0
977	1996	0	1	0	0	0	0	0	0	0	0	0	0	0	0	0	0	0	0	0
978	1996	0	0	0	0	0	0	0	0	0	0	0	0	0	1	0	0	1	0	0
979	1996	0	0	0	0	0	0	0	0	1	0	0	0	0	0	0	0	1	0	0
980	1996	0	0	0	0	0	0	0	0	1	0	0	0	0	0	0	0	0	0	0
981	1996	0	0	0	0	0	0	0	0	1	0	0	0	0	0	0	0	0	0	0
982	1996	0	1	1	0	0	0	0	0	0	0	0	0	0	0	0	0	1	0	0
983	1996	0	0	0	0	0	0	0	0	0	0	0	0	0	0	0	0	1	0	0
984	1997	0	0	0	0	0	0	0	0	0	0	0	0	0	0	0	0	1	0	0
985	1996	0	0	0	0	0	0	0	0	1	0	0	0	0	0	0	0	0	0	0
986	1997	0	0	0	0	0	0	0	0	0	0	0	0	0	0	0	0	1	0	0
987	1997	0	0	0	0	0	0	0	0	0	0	0	0	0	0	0	0	1	0	0
988	1997	0	0	0	0	0	1	0	0	0	0	0	0	0	0	1	0	0	0	0
989	1997	0	0	0	1	1	0	0	0	0	0	0	0	1	0	0	0	0	0	0
990	1997	0	0	0	0	0	0	0	0	1	0	0	0	0	0	1	0	0	0	0
991	1997	0	0	0	0	0	0	1	0	0	0	0	0	0	0	0	0	0	0	0
992	1997	0	0	0	0	0	1	0	0	0	0	0	0	0	0	0	0	1	0	0
993	1997	0	0	1	1	1	1	0	0	0	0	0	0	1	0	0	0	0	0	0
994	1997	0	0	0	0	0	0	0	0	1	0	0	0	0	0	0	0	0	0	0
995	1997	0	0	0	0	0	1	0	0	0	0	0	0	0	0	0	0	0	0	0
996	1995	0	0	0	0	1	1	0	0	0	0	0	0	0	0	0	0	0	0	0
997	1995	0	0	0	0	0	1	0	0	0	0	0	0	0	0	0	0	0	0	0
998	1994	0	0	0	0	0	1	0	0	0	0	0	0	0	0	0	0	0	0	0
999	1994	0	0	0	0	0	1	0	0	0	0	0	0	0	0	0	0	0	0	0
1000	1994	0	0	0	0	0	1	0	0	0	0	0	0	0	0	0	0	0	0	1
1001	1996	0	0	0	0	0	1	0	0	0	0	0	0	0	0	0	0	0	0	0
1002	1997	0	0	0	0	0	1	0	0	0	0	0	0	0	0	0	0	0	0	0
1003	1997	0	0	0	0	1	1	0	0	0	0	0	0	0	1	0	0	0	0	0
1004	1993	0	0	0	0	0	0	0	0	1	0	0	0	0	0	0	0	0	0	1
1005	1991	0	0	0	0	0	0	0	0	1	0	0	0	0	0	0	0	0	0	0
1006	1991	0	0	0	0	0	0	0	0	1	0	0	0	0	0	0	1	0	0	0
1007	1997	0	0	0	0	0	1	0	0	0	0	0	0	0	0	0	0	0	0	0
1008	1996	0	0	0	0	0	0	0	0	1	0	0	0	0	0	0	0	0	0	0
1009	1996	0	0	0	0	0	0	0	0	1	0	0	0	0	0	0	0	0	0	0
1010	1996	0	0	0	0	0	0	0	0	1	0	0	0	0	0	0	0	0	0	0
1011	1996	0	0	0	0	0	0	1	0	0	0	0	0	0	0	0	0	0	0	0
1012	1997	0	0	0	0	0	1	0	0	1	0	0	0	0	0	0	0	0	0	0
1013	1997	0	1	1	0	0	0	0	0	0	0	0	0	0	0	0	0	1	0	0
1014	1997	0	0	0	0	0	1	0	0	0	0	0	0	0	0	0	0	0	0	0
1015	1997	0	0	0	0	1	0	0	0	1	0	0	0	0	0	0	0	0	0	0
1016	1997	0	1	1	0	0	0	0	0	0	0	0	0	0	0	0	0	1	0	0
1017	1996	0	0	0	0	0	0	0	0	1	0	0	0	0	0	0	0	0	0	0
1018	1990	0	0	0	0	0	0	0	0	1	0	0	0	0	0	0	0	0	0	0
1019	1989	0	1	0	0	0	0	0	0	0	0	0	0	0	0	0	0	1	0	0
1020	1944	0	0	0	0	0	0	0	0	0	0	0	0	0	1	0	0	1	0	0
1021	1963	0	0	0	0	0	0	0	0	1	0	0	0	0	0	0	0	0	0	0
1022	1997	0	0	0	0	0	0	0	1	0	0	0	0	0	0	0	0	0	0	0
1023	1997	0	0	0	0	0	1	0	0	0	0	0	0	0	0	0	0	0	0	0
1024	1997	0	0	0	0	0	0	0	0	0	0	0	0	0	0	1	0	0	0	0
1025	1997	0	1	0	0	0	0	0	0	1	0	0	0	0	0	0	0	1	0	0
1026	1997	0	0	0	0	0	1	0	0	1	0	0	0	0	0	0	0	0	0	0
1027	1995	0	1	0	0	0	0	0	0	0	0	0	0	0	0	0	0	0	0	0
1028	1995	0	0	0	0	0	1	0	0	0	0	0	0	0	0	1	0	0	0	0
1029	1995	0	0	0	0	0	1	0	0	0	0	0	0	0	0	0	0	0	0	0
1030	1993	0	0	0	0	0	1	0	0	0	0	0	0	0	0	0	0	0	0	0
1031	1994	0	0	1	0	1	0	0	0	0	0	0	0	0	0	0	0	0	0	0
1032	1994	0	0	0	0	1	1	0	0	0	0	0	0	0	0	0	0	0	0	0
1033	1996	0	0	1	0	1	0	0	0	0	0	0	0	0	0	0	0	0	0	0
1034	1996	0	1	1	0	0	0	0	0	0	0	0	0	0	0	0	0	0	0	0
1035	1993	0	0	0	0	0	1	0	0	0	0	0	0	0	0	0	0	0	0	0
1036	1991	0	0	0	0	0	1	0	0	0	1	0	0	0	0	0	0	0	0	0
1037	1982	0	0	0	0	0	1	0	0	0	0	0	0	1	0	1	0	0	0	0
1038	1997	0	0	0	0	0	0	0	0	0	0	0	0	0	0	0	0	1	0	0
1039	1997	0	0	0	0	0	0	0	0	1	0	0	0	0	0	0	0	0	0	0
1040	1996	0	0	0	0	0	1	0	0	0	0	0	0	0	0	1	0	0	0	0
1041	1995	0	0	0	0	0	1	0	0	0	0	0	0	0	0	1	0	0	0	0
1042	1995	0	0	0	0	0	0	0	0	0	0	0	0	0	1	0	0	1	0	0
1043	1995	0	0	0	0	0	1	0	0	0	0	0	0	0	0	0	0	0	0	0
1044	1994	0	0	0	0	0	1	0	0	1	0	0	0	0	0	0	0	0	0	0
1045	1993	0	0	0	0	0	0	0	0	1	0	0	0	0	0	0	0	0	0	0
1046	1993	0	0	0	0	0	0	0	0	0	0	0	0	0	0	0	0	1	0	0
1047	1996	0	0	0	0	0	1	0	0	0	0	0	0	0	0	0	0	0	0	0
1048	1996	0	0	0	0	0	1	0	0	0	0	0	0	0	0	1	0	0	0	0
1049	1996	0	0	0	0	0	1	0	0	0	0	0	0	0	0	0	0	0	0	0
1050	1947	0	0	0	0	0	0	0	0	1	0	0	0	0	0	1	0	0	0	0
1051	1996	0	0	0	0	0	1	0	0	0	0	0	0	0	0	0	0	0	0	0
1052	1995	0	0	0	0	0	1	0	0	0	0	0	1	0	0	0	0	0	0	0
1053	1995	0	0	0	0	0	0	0	0	1	0	0	0	0	0	0	0	0	0	0
1054	1996	0	0	0	0	0	1	0	0	0	0	0	0	0	0	0	0	0	0	0
1055	1994	0	0	0	0	0	0	0	0	1	0	0	0	0	0	0	0	0	0	0
1056	1992	0	0	0	0	0	0	0	0	0	0	0	1	0	0	0	0	0	0	0
1057	1996	0	0	0	0	0	1	0	0	0	0	0	0	0	0	0	0	0	0	0
1058	1994	0	0	1	0	0	0	0	0	1	0	0	0	0	0	0	0	0	0	0
1059	1996	0	0	0	0	0	1	0	0	0	0	0	0	0	0	0	0	0	0	0
1060	1996	0	0	1	0	1	0	0	0	0	0	0	0	0	0	0	0	0	0	0
1061	1996	0	0	0	0	0	1	0	0	1	0	0	0	0	0	0	0	0	0	0
1062	1998	0	0	0	0	0	0	0	0	1	0	0	0	0	0	0	0	0	0	0
1063	1995	0	0	0	0	1	0	0	0	1	0	0	0	0	0	0	0	0	0	0
1064	1947	0	0	0	0	0	0	1	0	0	0	1	0	0	0	0	0	0	0	0
1065	1983	0	0	0	0	0	0	0	1	0	0	0	0	0	0	0	0	0	1	0
1066	1995	0	0	0	1	1	0	0	0	0	0	0	0	0	0	0	0	0	0	0
1067	1996	0	0	0	0	0	1	0	0	0	0	0	0	0	0	0	0	0	0	0
1068	1996	0	0	0	0	0	0	0	0	1	0	0	0	0	0	0	0	0	0	0
1069	1994	0	0	0	0	0	0	1	0	1	0	0	0	0	0	0	0	1	0	0
1070	1995	0	0	0	0	0	1	0	0	0	0	0	0	0	0	0	0	0	0	0
1071	1995	0	0	0	0	0	1	0	0	0	0	0	0	0	0	0	0	0	0	0
1072	1995	0	0	0	0	0	1	0	0	0	0	0	0	0	0	1	0	0	0	0
1073	1994	0	0	0	0	0	0	0	0	0	0	0	0	0	0	0	0	1	0	0
1074	1994	0	0	0	0	0	1	0	0	1	0	0	0	0	0	0	0	0	0	0
1075	1994	0	0	0	0	0	0	0	0	1	0	0	0	0	0	0	0	0	0	0
1076	1994	0	1	1	1	1	0	0	0	0	1	0	0	0	0	0	0	0	0	0
1077	1994	0	0	0	0	0	0	0	0	0	0	0	0	0	0	0	0	1	0	0
1078	1988	0	0	0	1	1	0	0	0	0	0	0	0	0	0	0	0	0	0	0
1079	1996	0	0	0	0	0	1	0	0	0	0	0	0	1	0	0	0	0	0	0
1080	1996	0	0	0	0	0	1	0	0	0	0	0	0	0	0	0	0	0	0	0
1081	1996	0	0	0	0	0	0	1	0	0	0	0	0	0	0	0	0	0	0	0
1082	1997	0	0	0	0	0	0	0	0	1	0	0	0	0	0	0	0	0	0	0
1083	1997	0	0	0	0	0	0	1	0	0	0	0	0	0	0	0	0	1	0	0
1084	1996	0	0	0	0	0	0	0	1	0	0	0	0	0	0	0	0	0	0	0
1085	1996	0	0	0	0	0	0	0	0	1	0	0	0	0	0	1	0	0	0	0
1086	1996	0	0	0	0	0	0	0	0	1	0	0	0	0	0	0	0	0	0	0
1087	1996	0	1	0	0	0	0	0	0	0	0	0	0	0	0	0	0	0	0	0
1088	1997	0	1	0	0	0	0	0	0	0	0	0	0	0	0	0	0	0	0	0
1089	1997	0	1	0	0	0	0	0	0	0	0	0	0	0	0	1	0	1	0	0
1090	1993	0	0	0	0	0	0	0	0	0	0	0	0	0	0	0	0	1	0	0
1091	1977	0	0	1	1	1	0	0	0	0	0	0	0	1	0	0	0	0	0	0
1092	1996	0	0	0	0	0	1	0	0	0	0	0	0	0	0	0	0	0	0	0
1093	1996	0	0	0	0	0	1	0	0	0	0	0	0	0	0	0	0	0	0	0
1094	1996	0	0	0	0	0	1	0	0	0	0	0	0	0	0	0	0	0	0	0
1095	1996	0	0	0	0	0	1	0	0	0	0	0	0	0	0	0	0	0	0	0
1096	1997	0	0	0	0	0	0	0	0	0	0	0	0	0	0	1	0	0	0	0
1097	1996	0	0	0	0	0	0	0	0	1	0	0	0	0	0	0	0	0	0	0
1098	1996	0	0	0	0	0	1	0	0	0	0	0	0	0	0	0	0	0	0	0
1099	1994	0	0	0	0	0	0	0	0	1	0	0	0	0	0	0	0	0	0	0
1100	1994	0	0	0	0	0	1	0	0	1	0	0	0	0	0	1	0	0	0	0
1101	1993	0	0	0	0	0	0	0	0	1	0	0	0	0	1	0	0	0	0	0
1102	1996	0	0	0	0	0	1	0	0	0	0	0	0	0	0	1	0	0	0	0
1103	1990	0	0	0	0	0	1	0	0	1	0	0	0	0	0	0	0	0	0	0
1104	1992	0	0	0	0	0	1	1	0	1	0	0	0	0	0	0	0	0	0	0
1105	1998	0	1	1	0	0	0	0	0	0	0	0	0	0	0	0	0	1	0	0
1106	1998	0	0	0	0	0	0	1	0	1	0	0	0	0	0	0	0	0	0	0
1107	1995	0	0	0	0	0	0	0	0	1	0	0	0	0	0	0	0	0	0	0
1108	1995	0	0	0	0	0	0	0	0	1	0	0	0	0	0	0	0	0	0	0
1109	1994	0	0	0	0	0	0	0	0	1	0	0	0	0	0	0	0	1	0	0
1110	1995	0	1	0	0	0	1	0	0	0	0	0	0	1	0	0	1	0	0	0
1111	1996	0	0	0	0	0	0	0	0	1	0	0	0	0	0	0	0	0	0	0
1112	1994	0	0	0	0	0	0	0	0	1	0	0	0	0	0	0	0	0	0	0
1113	1994	0	0	0	0	0	0	0	0	1	0	0	0	0	0	0	0	0	0	0
1114	1996	0	0	0	0	0	1	0	0	0	0	0	0	0	0	0	0	0	0	0
1115	1996	0	0	0	0	0	1	0	0	1	0	0	0	0	0	1	0	0	0	0
1116	1940	0	0	1	0	0	0	0	0	0	0	0	0	0	0	0	0	0	0	0
1117	1996	0	0	0	0	0	0	0	0	1	0	0	0	0	0	0	0	0	0	0
1118	1978	0	0	0	0	0	1	0	0	0	0	0	0	0	0	0	0	0	0	0
1119	1987	0	0	0	0	0	0	0	0	1	0	0	0	0	0	1	0	0	0	0
1120	1996	0	0	0	0	0	1	0	0	0	0	0	0	0	0	0	0	0	0	0
1121	1996	0	0	0	0	0	0	0	0	1	0	0	0	1	0	0	0	0	0	0
1122	1939	0	0	0	0	0	0	1	0	1	0	0	0	0	0	0	0	0	0	0
1123	1954	0	0	0	0	0	0	0	0	1	0	0	0	0	0	0	0	0	0	0
1124	1932	0	0	0	0	0	0	0	0	0	0	0	0	0	0	1	0	0	1	0
1125	1961	0	0	0	0	0	0	0	0	0	0	0	0	0	0	0	0	1	0	0
1126	1958	0	0	1	0	0	0	0	0	1	0	0	0	0	0	0	0	0	0	0
1127	1998	0	0	0	0	0	0	0	0	1	0	0	0	0	0	0	0	0	0	0
1128	1996	0	0	0	0	0	0	0	1	0	0	0	0	0	0	0	0	0	0	0
1129	1996	0	0	0	0	0	0	0	0	1	0	0	0	0	1	1	0	0	0	0
1130	1996	0	0	0	0	0	0	0	1	0	0	0	0	0	0	0	0	0	0	0
1131	1995	0	0	0	0	0	0	0	0	0	0	0	0	0	0	0	0	1	0	0
1132	1996	0	0	0	0	0	0	0	0	1	0	0	0	0	0	1	0	0	0	0
1133	1975	0	0	1	0	1	0	0	0	0	1	0	0	0	0	0	0	0	0	0
1134	1996	0	0	0	0	0	0	0	0	1	0	0	0	0	0	0	0	0	0	0
1135	1991	0	0	0	0	0	0	0	0	1	0	0	0	1	0	0	0	0	0	0
1136	1996	0	0	0	0	0	0	0	0	1	0	0	0	0	0	0	0	0	0	0
1137	1996	0	0	0	0	0	0	0	0	1	0	0	0	0	0	1	0	0	0	0
1138	1997	0	1	0	0	0	1	1	0	1	0	0	0	0	0	0	0	0	0	0
1139	1995	0	1	0	0	0	0	1	0	0	0	0	0	0	0	0	0	1	0	0
1140	1994	0	0	0	0	0	1	0	0	0	0	0	0	0	0	0	0	0	0	0
1141	1993	0	0	0	0	0	0	0	1	0	0	0	0	0	0	0	0	0	0	0
1142	1997	0	0	0	0	0	0	0	1	0	0	0	0	0	0	0	0	0	0	0
1143	1997	0	0	0	0	0	0	1	0	0	0	0	0	0	0	0	0	1	0	0
1144	1997	0	0	0	0	0	0	0	0	1	0	0	0	0	0	0	0	0	0	0
1145	1994	0	0	0	0	0	0	0	0	1	0	0	0	0	0	0	0	0	0	0
1146	1993	0	0	0	0	0	0	0	0	1	0	0	0	0	0	0	0	0	0	0
1147	1995	0	0	0	0	0	0	0	0	1	0	0	0	0	0	0	0	0	0	0
1148	1994	0	0	0	0	0	0	0	0	1	0	0	0	0	0	0	0	0	0	0
1149	1971	0	0	0	0	0	0	0	0	1	0	0	0	0	0	0	0	0	0	0
1150	1996	0	0	0	0	0	0	0	0	1	0	0	0	0	0	0	0	0	0	0
1151	1996	0	0	0	0	0	0	1	0	0	0	0	0	0	0	0	0	0	0	0
1152	1997	0	0	0	0	0	0	0	0	0	0	0	0	0	0	1	0	0	1	0
1153	1993	0	0	0	0	0	0	0	0	1	0	0	0	1	0	0	0	0	0	0
1154	1965	0	0	0	0	0	0	0	0	0	0	0	0	0	0	0	1	0	0	0
1155	1996	0	0	0	0	0	1	0	0	0	0	0	0	0	0	1	0	0	0	0
1156	1996	0	0	0	0	0	0	1	0	1	0	0	0	0	0	0	0	0	0	0
1157	1997	0	0	0	0	0	0	0	0	0	0	0	1	0	0	0	0	0	0	0
1158	1996	0	0	0	0	0	0	0	0	1	0	0	0	0	0	0	0	0	0	0
1159	1979	0	0	0	0	0	0	0	0	0	0	0	0	0	1	0	1	0	0	0
1160	1997	0	0	0	0	0	0	0	0	1	0	0	0	0	0	1	0	0	0	0
1161	1996	0	1	0	0	0	0	0	0	1	0	0	0	0	0	0	0	0	0	0
1162	1996	0	0	0	0	0	1	0	0	0	0	0	0	0	0	0	0	0	0	0
1163	1996	0	0	0	0	0	0	0	0	1	0	0	0	0	0	0	0	0	0	0
1164	1997	0	0	0	0	1	0	0	0	0	0	0	0	0	0	0	0	0	0	0
1165	1996	0	0	0	0	0	1	0	0	1	0	0	0	0	0	0	0	0	0	0
1166	1993	0	0	0	0	0	1	0	0	0	0	0	0	0	0	0	0	0	0	0
1167	1994	0	0	0	0	0	1	0	0	0	0	0	0	0	0	0	0	0	0	0
1168	1993	0	0	0	0	0	0	0	0	1	0	0	0	0	0	0	0	0	0	0
1169	1994	0	0	0	0	0	0	0	0	1	0	0	0	0	0	0	0	0	0	0
1170	1994	0	0	0	0	0	1	0	0	1	0	0	0	0	0	0	0	0	0	0
1171	1994	0	0	0	0	0	0	0	0	1	0	0	0	0	0	0	0	0	0	0
1172	1939	0	0	0	0	0	1	0	0	0	0	0	0	0	0	0	0	0	0	0
1173	1997	0	0	0	0	0	0	0	0	1	0	0	0	0	0	1	0	0	0	0
1174	1996	0	0	0	0	0	0	0	0	1	0	0	0	0	0	0	0	1	0	0
1175	1997	0	0	0	0	0	0	0	0	0	0	0	0	0	0	1	0	0	0	0
1176	1997	0	0	0	0	0	0	0	0	1	0	0	0	0	0	0	0	0	1	0
1177	1996	0	0	0	0	0	1	0	0	0	0	0	0	0	0	0	0	0	0	0
1178	1994	0	0	0	0	0	1	0	0	0	0	0	0	0	0	0	0	0	0	0
1179	1995	0	0	0	0	0	1	0	0	0	0	0	0	0	0	0	0	0	0	0
1180	1994	0	1	0	0	0	1	0	0	0	0	0	0	0	0	0	0	0	0	0
1181	1994	0	1	0	0	0	1	0	0	0	0	0	0	0	0	0	0	0	0	0
1182	1994	0	0	0	0	0	1	0	0	0	0	0	0	0	0	0	0	0	0	0
1183	1994	0	1	0	0	0	1	0	0	0	0	0	0	0	0	0	0	0	0	0
1184	1994	0	0	0	0	0	0	0	1	0	0	0	0	0	0	0	0	0	0	0
1185	1994	0	0	0	0	0	1	0	0	0	0	0	0	0	0	0	0	0	1	0
1186	1994	0	0	0	0	0	1	0	0	1	0	0	0	0	0	0	0	0	0	0
1187	1975	0	0	0	0	0	0	1	0	0	0	0	0	0	0	0	0	0	0	0
1188	1990	0	1	0	0	0	1	0	0	0	0	0	0	0	0	0	0	0	0	1
1189	1997	0	0	0	0	0	0	0	0	1	0	0	0	0	0	0	0	0	0	0
1190	1997	0	0	0	0	0	1	0	0	0	0	0	0	0	0	1	0	0	0	0
1191	1998	0	0	0	0	0	0	1	0	1	0	0	0	0	0	0	0	0	0	0
1192	1993	0	0	0	0	0	0	0	0	1	0	0	0	0	0	0	0	0	0	0
1193	1994	0	0	0	0	0	0	0	0	1	0	0	0	0	0	0	0	0	0	0
1194	1994	0	0	0	0	0	0	1	0	1	0	0	0	0	0	0	0	0	0	0
1195	1993	0	0	0	0	0	0	0	0	1	0	0	0	0	0	0	0	0	0	0
1196	1992	0	0	0	0	0	0	0	0	1	0	0	0	0	0	0	0	0	0	0
1197	1996	0	0	0	0	0	1	0	0	1	0	0	0	0	0	0	0	0	0	0
1198	1960	0	0	0	0	0	0	1	0	0	0	0	0	0	0	0	0	1	0	0
1199	1996	0	0	0	0	0	1	0	0	0	0	0	1	0	0	0	0	0	0	0
1200	1950	0	0	0	0	1	0	0	0	1	0	0	0	0	0	0	0	0	0	0
1201	1996	0	0	0	0	0	0	0	1	0	0	0	0	0	0	0	0	0	0	0
1202	1996	0	0	0	0	0	1	0	0	0	0	0	0	0	0	0	0	0	0	0
1203	1935	0	0	0	0	0	1	0	0	0	0	0	0	1	0	1	0	0	0	0
1204	1942	0	0	0	0	0	1	0	0	1	0	0	0	0	0	0	0	0	1	0
1205	1996	0	0	0	0	0	0	0	0	1	0	0	0	0	0	0	0	0	0	0
1206	1993	0	0	0	0	0	1	0	0	0	0	0	0	0	0	0	0	0	0	0
1207	1995	0	0	0	0	0	0	0	0	0	0	0	0	0	0	0	0	1	0	0
1208	1995	0	0	0	0	0	0	1	0	1	0	0	0	0	0	0	0	1	0	0
1209	1994	0	0	0	0	0	1	0	0	0	0	0	0	0	0	0	0	0	0	0
1210	1995	0	0	0	0	0	0	0	0	0	0	0	0	0	0	0	1	1	0	0
1211	1994	0	0	0	0	0	0	0	0	1	0	0	0	0	0	1	0	0	0	0
1212	1993	0	0	0	0	0	0	0	0	1	0	0	0	0	1	1	0	0	0	0
1213	1993	0	0	0	0	0	0	1	0	1	0	0	0	0	0	0	0	1	0	0
1214	1976	0	0	0	0	0	0	0	0	1	0	0	0	0	0	0	0	0	0	0
1215	1996	0	1	0	0	0	0	0	0	0	0	0	0	0	0	0	1	0	0	0
1216	1997	0	0	0	0	0	0	0	0	0	0	0	0	0	0	1	0	0	0	0
1217	1995	0	0	0	0	0	0	0	0	0	0	0	0	0	0	0	0	1	0	0
1218	1995	0	0	0	0	0	1	0	0	0	0	0	0	0	0	0	0	0	0	0
1219	1995	0	0	0	1	1	1	0	0	0	0	0	0	0	0	1	0	0	0	0
1220	1995	0	0	0	0	0	0	0	0	1	0	0	0	0	0	0	0	0	0	0
1221	1994	0	0	0	0	0	0	0	0	1	0	0	0	0	0	0	0	0	0	0
1222	1993	0	1	0	0	0	0	0	0	0	0	0	0	0	0	0	0	0	0	0
1223	1993	0	0	0	0	0	0	0	0	1	0	0	0	0	0	0	0	0	0	0
1224	1994	0	0	0	0	0	0	0	0	1	0	0	0	0	0	0	0	0	0	0
1225	1995	0	0	0	0	0	1	0	0	0	0	0	0	0	0	0	0	0	0	0
1226	1997	0	0	0	0	0	0	1	0	1	0	0	0	0	0	0	0	0	0	0
1227	1995	0	0	0	0	0	0	0	0	1	0	0	0	0	0	0	0	0	0	0
1228	1995	0	1	0	0	0	0	0	0	0	0	0	0	0	0	0	0	0	0	0
1229	1995	0	0	0	0	0	0	0	0	1	0	0	0	0	0	0	0	1	0	0
1230	1994	0	0	0	0	0	1	0	0	0	0	0	0	0	0	0	0	0	0	0
1231	1990	0	1	0	0	0	0	0	0	1	0	0	0	0	0	0	0	0	0	0
1232	1991	0	0	0	0	0	0	0	1	0	0	0	0	0	0	0	0	0	0	0
1233	1996	0	0	0	0	0	0	0	0	1	0	0	0	0	0	0	0	0	0	0
1234	1998	0	0	0	0	0	1	0	0	0	0	0	0	0	0	0	0	0	0	0
1235	1994	0	0	0	0	0	0	1	0	0	0	0	0	0	0	0	0	0	0	0
1236	1997	0	0	0	0	0	0	0	0	1	0	0	0	0	0	0	0	0	0	0
1237	1996	0	0	0	0	0	1	0	0	1	0	0	0	0	0	0	0	0	0	0
1238	1996	0	0	0	0	0	0	0	0	1	0	0	0	0	0	0	0	0	0	0
1239	1995	0	1	1	0	0	0	0	0	0	0	0	0	0	0	1	0	0	0	0
1240	1996	0	0	0	1	0	0	0	0	0	0	0	0	0	0	0	1	0	0	0
1241	1997	0	0	0	0	0	1	0	0	1	0	0	0	0	0	0	0	0	0	0
1242	1991	0	0	0	0	0	1	0	0	0	0	0	0	0	0	0	0	0	0	0
1243	1998	0	0	0	0	0	0	0	0	0	0	0	1	0	0	0	0	0	0	0
1244	1997	0	1	0	0	0	0	0	0	0	0	0	0	0	0	0	0	0	0	0
1245	1997	0	0	0	0	0	0	1	0	0	0	0	0	0	0	0	0	0	0	0
1246	1995	0	0	0	0	0	1	0	0	0	0	0	0	0	0	0	0	0	0	0
1247	1994	0	0	0	0	0	0	0	0	0	0	0	0	0	0	0	0	0	0	1
1248	1994	0	0	0	0	0	0	0	0	0	0	0	0	0	0	0	0	1	0	0
1249	1993	0	0	0	0	0	1	0	0	0	0	0	0	0	0	0	0	0	0	0
1250	1995	0	1	0	0	0	0	0	0	0	0	0	0	0	0	0	0	0	0	0
1251	1997	0	0	0	0	0	1	0	0	0	0	0	0	0	0	0	0	0	0	0
1252	1997	0	0	0	0	0	0	0	0	1	0	0	0	0	0	0	0	0	0	0
1253	1995	0	0	0	0	0	0	0	0	0	0	0	0	0	0	0	0	1	0	0
1254	1997	0	0	0	0	0	1	0	0	0	0	0	0	0	0	0	0	0	0	0
1255	1997	0	0	0	0	0	0	0	0	1	0	0	0	0	0	0	0	0	0	0
1256	1997	0	0	0	0	0	0	0	0	1	0	0	0	0	0	0	0	0	0	0
1257	1997	0	0	0	0	0	0	0	0	1	0	0	0	0	0	0	0	0	0	0
1258	1997	0	0	0	0	0	1	0	0	0	0	0	0	0	0	1	0	0	0	0
1259	1996	0	0	0	0	0	1	0	0	0	0	0	0	0	0	1	0	0	0	0
1260	1995	0	0	0	0	0	0	0	0	1	0	0	0	0	0	0	0	0	0	0
1261	1995	0	0	0	0	0	0	0	0	1	0	0	0	0	0	0	0	0	0	0
1262	1996	0	0	0	0	0	0	0	0	0	0	0	0	0	0	1	0	0	0	0
1263	1996	0	0	0	0	0	0	0	0	1	0	0	0	0	0	0	0	0	0	0
1264	1996	0	0	0	0	0	0	0	0	1	0	0	0	0	0	0	0	0	0	0
1265	1997	0	0	0	0	0	0	0	0	1	0	0	0	0	0	0	0	0	0	0
1266	1973	0	0	0	0	0	0	0	0	1	0	0	0	0	0	0	0	0	0	0
1267	1995	0	0	0	0	0	0	0	0	1	0	0	0	0	0	0	0	0	0	0
1268	1992	0	0	0	0	0	0	0	0	1	0	0	0	0	0	0	0	0	0	0
1269	1957	0	0	0	0	0	1	0	0	0	0	0	0	0	0	1	0	0	0	0
1270	1993	0	0	0	0	0	1	0	0	0	0	0	0	0	0	0	0	0	0	0
1271	1994	0	0	0	0	0	1	0	0	0	0	0	0	0	0	0	0	0	0	0
1272	1994	0	0	0	0	0	1	0	0	1	0	0	0	0	0	0	0	0	0	0
1273	1994	0	0	0	0	0	0	0	0	1	0	0	0	0	0	0	0	1	0	0
1274	1993	0	0	0	0	0	0	0	0	0	0	0	0	0	0	0	1	1	0	0
1275	1994	0	0	0	0	0	0	0	0	0	0	0	0	0	0	0	0	1	0	0
1276	1996	0	0	0	0	0	0	0	0	1	0	0	0	0	0	0	0	0	0	0
1277	1996	0	1	0	0	0	0	1	0	0	0	0	0	0	0	0	0	0	0	0
1278	1997	0	0	0	0	0	0	0	0	1	0	0	0	1	0	0	0	0	0	0
1279	1997	0	0	1	0	1	0	0	0	0	0	0	0	0	0	0	0	0	0	0
1280	1997	0	0	0	0	0	0	1	0	0	0	0	0	0	0	0	0	0	0	0
1281	1996	0	0	0	0	0	0	0	0	1	0	0	0	0	0	0	0	0	0	0
1282	1996	0	0	0	0	0	0	0	0	1	0	0	0	0	0	0	0	0	0	0
1283	1997	0	0	0	0	0	1	0	0	0	0	0	0	0	0	0	0	0	0	0
1284	1996	0	0	0	0	0	0	0	0	1	0	0	0	0	1	0	0	0	0	0
1285	1994	0	0	0	0	0	0	0	0	1	0	0	0	0	0	0	0	0	0	0
1286	1937	0	0	0	0	0	1	0	0	0	0	0	0	1	0	1	0	0	0	0
1287	1996	0	0	0	0	0	1	0	0	0	0	0	0	0	0	0	0	0	0	0
1288	1996	0	0	0	0	0	1	0	0	0	0	0	0	0	0	0	0	0	0	0
1289	1996	0	0	0	0	0	0	0	0	0	0	0	0	0	0	1	0	0	0	0
1290	1994	0	0	0	0	0	0	0	0	1	0	0	0	0	0	1	0	0	0	0
1291	1996	0	0	0	0	0	1	0	0	0	0	0	0	0	0	0	0	0	0	0
1292	1997	0	0	0	0	1	0	0	0	0	1	0	0	0	0	0	0	0	0	0
1293	1998	0	0	1	0	1	0	0	0	0	1	0	0	0	0	0	1	0	0	0
1294	1998	0	0	0	0	0	0	0	1	0	0	0	0	0	0	0	0	0	0	0
1295	1997	0	0	0	0	0	1	0	0	1	0	0	0	0	0	0	0	0	0	0
1296	1996	0	0	0	0	0	1	0	0	1	0	0	0	0	0	0	0	0	0	0
1297	1994	0	0	0	0	0	0	0	0	1	0	0	0	0	0	1	0	0	0	0
1298	1953	0	0	0	0	0	1	0	0	0	0	0	0	1	0	0	0	0	0	0
1299	1941	0	0	0	0	0	0	0	0	1	0	0	0	0	0	1	0	0	0	0
1300	1997	0	0	0	0	0	0	0	0	1	0	0	0	0	0	1	0	0	0	0
1301	1981	0	0	0	0	0	1	0	0	0	0	0	0	0	0	0	0	0	0	0
1302	1997	0	0	0	0	0	1	0	0	0	0	0	0	0	0	0	0	0	0	0
1303	1994	0	1	0	0	0	0	0	0	0	0	0	0	0	0	0	0	0	0	0
1304	1996	0	1	0	0	0	0	1	0	0	0	0	0	0	0	0	0	0	0	0
1305	1995	0	0	0	0	0	1	0	0	0	0	0	0	0	0	0	0	0	0	0
1306	1994	0	0	0	0	0	0	0	0	1	0	0	0	0	0	0	0	0	0	0
1307	1994	0	0	0	0	0	0	0	1	0	0	0	0	0	0	0	0	0	0	0
1308	1994	0	0	0	0	0	1	0	0	1	0	0	0	0	0	0	0	0	0	0
1309	1974	0	0	0	0	0	0	0	0	1	0	0	0	0	0	0	0	0	0	0
1310	1945	0	0	0	0	0	0	0	0	1	0	0	0	0	0	0	0	0	0	0
1311	1996	0	0	0	0	0	1	0	0	1	0	0	0	0	0	0	0	0	0	0
1312	1996	0	0	0	0	0	1	0	0	1	0	0	0	0	0	0	0	0	0	0
1313	1998	0	0	0	0	0	0	0	0	0	0	1	0	0	1	0	0	1	0	0
1314	1994	0	1	1	0	0	0	0	0	0	0	0	0	0	0	0	0	1	0	0
1315	1997	0	0	0	0	0	0	0	0	1	0	0	0	0	0	1	0	0	0	0
1316	1997	0	0	0	0	0	0	0	0	1	0	0	0	0	0	0	0	0	0	0
1317	1996	0	0	0	0	0	0	0	0	1	0	0	0	0	0	0	0	0	0	0
1318	1996	0	0	0	0	0	0	0	1	0	0	0	0	0	0	0	0	0	0	0
1319	1996	0	0	0	0	0	0	0	0	1	0	0	0	0	0	0	0	0	0	0
1320	1996	0	0	0	0	0	0	0	0	1	0	0	0	0	0	0	0	0	0	0
1321	1996	0	0	0	0	0	1	0	0	0	0	0	0	0	0	0	0	0	0	0
1322	1993	0	0	0	0	0	1	0	0	0	0	0	0	0	0	0	0	0	0	0
1323	1994	0	0	0	0	0	0	0	0	1	0	0	0	0	0	0	0	0	0	0
1324	1996	0	0	0	0	0	0	0	0	1	0	0	0	0	0	0	0	1	0	0
1325	1996	0	0	0	0	0	0	0	0	1	0	0	0	0	0	0	0	0	0	0
1326	1996	0	0	0	0	0	0	0	0	1	0	0	0	0	0	0	0	0	0	0
1327	1994	0	0	0	0	0	0	0	0	1	0	0	0	0	0	0	0	0	0	0
1328	1996	0	0	0	0	0	0	0	0	1	0	0	0	0	0	0	0	0	0	0
1329	1996	0	0	0	0	0	0	0	0	1	0	0	0	0	0	0	0	0	0	0
1330	1994	0	0	0	0	0	0	0	0	1	0	0	0	0	0	0	0	0	0	0
1331	1995	0	0	0	0	0	0	0	1	0	0	0	0	0	0	0	0	0	0	0
1332	1993	0	0	0	0	0	0	0	0	1	0	0	0	0	0	0	0	0	0	0
1333	1994	0	0	0	0	0	1	0	0	1	0	0	0	0	0	0	0	0	0	0
1334	1996	0	0	0	0	0	0	0	0	1	0	0	0	0	0	0	0	0	0	0
1335	1996	0	0	0	0	0	0	0	0	1	0	0	0	0	0	0	0	0	0	0
1336	1996	0	0	0	0	1	1	0	0	0	1	0	0	0	0	0	0	0	0	0
1337	1996	0	0	0	0	0	1	0	0	0	0	0	0	0	0	0	0	0	0	0
1338	1996	0	0	0	0	0	0	0	0	1	0	0	0	0	0	0	0	0	0	0
1339	1993	0	0	0	0	0	1	0	0	1	0	0	0	0	0	0	0	0	0	0
1340	1995	0	0	0	0	0	0	0	0	0	0	0	0	0	0	1	0	0	0	0
1341	1992	0	0	0	0	0	0	0	0	1	0	0	0	0	0	0	0	0	0	0
1342	1996	0	0	0	0	0	0	0	0	1	0	0	0	0	0	0	0	0	0	0
1343	1995	0	0	0	0	0	0	0	0	1	0	0	0	0	0	0	0	0	0	0
1344	1993	0	0	0	0	0	0	0	0	1	0	0	0	0	0	0	0	0	0	0
1345	1994	0	0	0	0	0	0	0	0	1	0	0	0	0	0	0	0	0	0	0
1346	1992	0	0	0	0	0	0	0	0	1	0	0	0	0	0	0	0	0	0	0
1347	1958	0	0	0	0	0	0	0	0	1	0	0	0	0	0	0	0	0	0	0
1348	1990	0	0	0	0	0	0	0	0	1	0	0	0	0	0	0	0	0	0	0
1349	1993	0	0	0	0	0	1	0	0	0	0	0	0	0	0	0	0	0	0	0
1350	1949	0	0	0	0	0	0	0	0	1	0	0	0	0	0	0	0	0	0	0
1351	1996	0	0	0	0	0	1	0	0	0	0	0	0	0	0	0	0	0	0	0
1352	1976	0	0	0	0	0	0	0	0	1	0	0	0	0	0	0	0	0	0	0
1353	1994	0	0	0	0	0	0	0	0	0	0	0	0	0	0	1	0	0	0	0
1354	1992	0	0	0	0	0	0	0	0	1	0	0	0	0	0	0	0	0	0	0
1355	1996	0	0	0	0	0	0	0	0	1	0	0	0	0	0	0	0	0	0	0
1356	1996	0	0	0	0	0	1	0	0	0	0	0	0	0	0	0	0	0	0	0
1357	1994	0	0	0	0	0	0	0	0	0	0	0	0	0	0	1	0	0	1	0
1358	1996	0	1	0	0	0	0	0	0	0	0	0	0	0	0	0	0	0	0	0
1359	1996	0	0	0	0	0	0	0	0	1	0	0	0	0	0	0	0	0	0	0
1360	1994	0	0	0	0	0	1	0	0	0	0	0	0	0	0	0	0	0	0	0
1361	1996	0	0	0	0	0	1	0	0	0	0	0	0	0	0	0	0	0	0	0
1362	1996	0	1	0	0	0	0	0	0	0	0	0	0	0	0	0	0	0	0	0
1363	1996	0	0	0	0	0	0	0	1	0	0	0	0	0	0	0	0	0	0	0
1364	1996	0	1	0	0	0	0	0	0	0	0	0	0	0	0	0	0	0	0	0
1365	1993	0	1	0	0	0	0	0	0	1	0	0	0	0	0	0	0	0	0	0
1366	1994	0	0	0	0	0	0	0	1	1	0	0	0	0	0	0	0	0	0	0
1367	1994	0	0	0	1	0	0	0	0	0	0	0	0	0	0	0	0	0	0	0
1368	1994	0	0	0	0	0	0	0	0	1	0	0	0	0	0	0	0	0	0	0
1369	1950	0	0	0	0	0	0	0	0	1	0	0	0	0	0	0	0	0	0	0
1370	1994	0	0	0	0	0	0	0	0	1	0	0	0	0	0	0	0	1	0	0
1371	1994	0	0	0	0	0	1	0	0	0	0	0	1	0	0	0	0	0	0	0
1372	1994	0	1	0	0	0	0	0	0	0	0	0	0	0	0	0	0	0	0	0
1373	1971	1	0	0	0	0	0	0	0	0	0	0	0	0	0	0	0	0	0	0
1374	1980	0	0	0	0	0	1	0	0	0	0	0	0	0	0	0	0	0	0	0
1375	1993	0	0	0	0	0	0	0	0	1	0	0	0	0	0	0	0	0	0	0
1376	1997	0	0	0	0	0	1	0	0	0	0	0	0	0	0	0	0	0	0	0
1377	1997	0	0	0	0	0	1	0	0	0	0	0	0	0	0	1	0	0	0	0
1378	1997	0	0	0	0	0	0	0	1	0	0	0	0	0	0	0	0	0	0	0
1379	1997	0	0	0	0	0	0	0	0	0	0	0	0	0	0	1	0	0	0	0
1380	1997	0	0	0	0	0	0	0	0	1	0	0	0	0	0	0	0	0	0	0
1381	1996	0	0	0	0	0	0	0	0	1	0	0	0	0	0	0	0	0	0	0
1382	1997	0	0	0	0	0	0	0	0	1	0	0	0	0	0	0	0	0	0	0
1383	1997	0	0	1	0	1	0	0	0	0	0	0	0	0	0	0	0	0	0	0
1384	1997	0	0	0	0	0	0	0	0	1	0	0	0	0	0	0	0	0	0	0
1385	1997	0	0	0	0	0	1	0	0	0	0	0	0	0	0	1	0	0	0	0
1386	1997	0	0	0	0	0	0	0	0	0	0	0	0	0	0	0	1	0	0	0
1387	1997	0	0	0	0	0	0	0	0	0	0	0	0	0	0	1	0	0	0	0
1388	1997	0	0	0	0	0	0	0	0	1	0	0	0	0	0	0	0	0	0	0
1389	1997	0	0	0	0	0	0	0	0	1	0	0	0	0	0	0	0	0	0	0
1390	1997	0	0	0	0	0	0	1	0	0	0	0	0	0	0	0	0	0	0	0
1391	1997	0	0	0	0	0	0	0	0	1	0	0	0	0	0	0	0	0	0	0
1392	1997	0	0	0	0	0	0	0	0	1	0	0	0	0	0	0	0	0	0	0
1393	1997	0	1	0	0	0	0	0	0	0	0	0	0	0	0	0	0	1	0	0
1394	1997	0	0	0	0	0	0	0	0	0	0	0	0	0	0	1	0	0	0	0
1395	1998	0	0	0	0	0	0	0	0	1	0	0	0	0	0	0	0	0	0	0
1396	1996	0	0	0	0	0	0	0	0	1	0	0	0	0	0	0	0	0	0	0
1397	1934	0	0	0	0	0	0	0	0	1	0	0	0	0	0	0	0	0	0	0
1398	1996	0	0	0	0	0	0	0	0	1	0	0	0	0	0	0	0	0	0	0
1399	1997	0	0	0	0	0	0	0	0	0	0	0	0	0	0	0	0	1	0	0
1400	1995	0	0	0	0	0	0	0	0	1	0	0	0	0	0	1	0	0	0	0
1401	1993	0	0	0	0	0	0	0	0	1	0	0	0	0	0	0	0	0	0	0
1402	1993	0	0	0	0	0	0	0	0	1	0	0	0	0	0	0	0	0	0	0
1403	1994	0	0	0	0	0	1	0	0	1	0	0	0	0	0	0	0	0	0	0
1404	1987	0	0	0	0	0	1	0	0	0	0	0	0	0	0	0	0	0	0	0
1405	1997	0	0	0	0	0	0	0	0	1	0	0	0	0	0	0	0	0	0	0
1406	1995	0	0	0	0	0	0	0	0	1	0	0	0	0	0	1	0	0	0	0
1407	1994	0	1	0	0	0	0	0	0	0	0	0	0	0	0	0	0	0	0	0
1408	1995	0	0	0	0	0	1	0	0	0	0	0	0	0	0	0	0	0	0	0
1409	1994	0	0	0	1	1	0	0	0	0	0	0	0	0	0	0	0	0	0	0
1410	1993	0	0	0	0	0	0	0	0	1	0	0	0	0	0	0	0	0	0	0
1411	1968	0	0	1	0	0	0	0	0	0	0	0	0	0	0	0	1	0	0	0
1412	1995	0	0	0	1	1	0	0	0	0	0	0	0	0	0	0	0	0	0	0
1413	1994	0	1	0	0	0	0	0	0	0	0	0	0	0	0	0	0	0	0	0
1414	1995	0	1	0	0	0	0	0	0	0	0	0	0	0	0	0	0	0	0	0
1415	1994	0	1	0	0	1	0	0	0	0	0	0	0	0	0	0	0	0	0	0
1416	1994	0	1	0	0	0	0	0	0	0	0	0	0	0	0	0	1	0	0	0
1417	1997	0	0	0	0	0	0	0	0	1	0	0	0	0	0	0	0	0	0	0
1418	1993	0	0	0	0	0	0	0	0	1	0	0	0	0	0	0	0	0	0	0
1419	1994	0	1	0	0	0	0	0	0	0	0	0	0	0	0	0	1	0	0	0
1420	1997	0	0	0	0	0	1	0	0	0	0	0	0	0	0	0	0	0	0	0
1421	1993	0	0	0	0	0	0	0	0	1	0	0	0	0	0	0	0	0	0	0
1422	1993	0	0	0	0	0	0	0	0	0	0	1	0	0	0	0	0	1	0	0
1423	1995	0	0	0	0	0	0	0	0	1	0	0	0	0	0	0	0	0	1	0
1424	1994	0	0	0	0	0	1	0	0	1	0	0	0	0	0	1	0	0	0	0
1425	1994	0	0	0	0	0	1	0	0	1	0	0	0	0	0	0	0	0	0	0
1426	1996	0	0	0	0	0	1	0	0	1	0	0	0	0	0	0	0	0	0	0
1427	1996	0	0	0	0	0	0	0	0	1	0	0	0	0	0	0	0	0	0	0
1428	1997	0	0	0	0	0	1	0	0	0	0	0	0	0	0	0	0	0	0	0
1429	1998	0	0	0	0	0	0	0	0	1	0	0	0	0	0	1	0	0	0	0
1430	1997	0	0	0	0	0	0	0	0	1	0	0	0	0	0	0	0	0	0	0
1431	1997	0	0	0	0	0	0	0	0	0	0	0	0	0	0	0	0	1	0	0
1432	1998	0	0	0	0	0	0	0	0	1	0	0	0	0	0	0	0	0	0	0
1433	1997	0	1	0	0	0	0	0	0	1	0	0	0	0	0	0	0	0	0	0
1434	1998	0	0	0	0	0	0	0	0	0	0	0	0	0	0	1	0	0	0	0
1435	1995	0	0	0	0	0	1	0	0	0	0	0	0	0	0	0	0	0	0	0
1436	1993	0	0	0	0	0	0	0	0	1	0	0	0	0	0	1	0	0	0	0
1437	1994	0	0	0	0	0	1	0	0	0	0	0	0	0	0	0	0	0	0	0
1438	1995	0	0	0	0	0	0	0	0	1	0	0	0	0	0	0	0	0	0	0
1439	1994	0	0	0	0	0	0	1	0	1	0	0	0	0	0	0	0	0	0	0
1440	1994	0	0	0	0	0	0	0	0	1	0	0	0	0	0	0	0	0	0	0
1441	1995	0	0	0	0	0	0	0	0	1	0	0	0	0	0	1	0	0	0	0
1442	1995	0	0	0	0	0	0	0	0	1	0	0	0	0	0	0	0	0	0	0
1443	1994	0	0	0	0	0	0	0	0	1	0	0	0	0	0	0	0	0	0	0
1444	1965	0	0	0	0	1	1	0	0	0	0	0	0	0	1	0	0	0	0	0
1445	1994	0	0	0	0	0	0	0	0	1	0	0	0	0	0	0	0	0	0	0
1446	1995	0	0	0	0	0	1	0	0	0	0	0	0	0	0	0	0	0	0	0
1447	1993	0	0	0	0	0	0	0	0	1	0	0	0	0	0	0	0	0	0	0
1448	1996	0	0	0	0	0	0	0	0	1	0	0	0	0	0	0	0	0	0	0
1449	1996	0	0	0	0	0	0	0	0	1	0	0	0	0	0	0	0	0	0	0
1450	1947	0	0	1	0	0	0	0	0	0	0	0	0	0	0	1	0	0	0	0
1451	1940	0	0	0	0	0	0	0	0	0	0	0	0	0	0	0	0	1	0	0
1452	1943	0	0	0	0	0	1	0	0	0	0	0	0	0	1	0	0	0	0	0
1453	1946	0	0	0	0	0	0	1	0	1	0	0	0	0	0	0	0	0	0	0
1454	1947	0	0	0	0	0	0	0	0	0	0	0	0	0	0	0	0	0	0	1
1455	1943	0	0	0	0	0	0	0	0	0	0	0	0	0	0	0	0	0	0	1
1456	1954	0	0	0	0	0	1	0	0	1	0	0	0	0	0	0	0	0	0	0
1457	1996	0	0	0	0	0	1	0	0	1	0	0	0	0	0	0	0	0	0	0
1458	1937	0	0	0	0	0	1	0	0	0	0	0	0	1	0	1	0	0	0	0
1459	1996	0	0	0	0	0	0	0	0	0	0	0	0	1	0	0	0	0	0	0
1460	1996	0	0	0	0	0	1	0	0	1	0	0	0	0	0	0	0	0	0	0
1461	1935	0	0	0	0	0	1	0	0	0	0	0	0	0	0	0	0	0	0	0
1462	1996	0	0	0	0	0	0	1	0	1	0	0	0	0	0	1	0	0	0	0
1463	1997	0	0	0	0	0	1	0	0	0	0	0	0	0	0	0	0	0	0	0
1464	1995	0	0	0	0	0	0	0	0	1	0	0	0	0	0	0	0	0	0	0
1465	1995	0	0	0	0	0	1	0	0	1	0	0	0	0	0	0	0	0	0	0
1466	1995	0	0	0	0	0	0	0	0	1	0	0	0	0	0	0	0	0	0	0
1467	1993	0	0	0	0	0	0	0	0	1	0	0	0	0	0	0	0	0	0	0
1468	1995	0	0	0	0	0	0	0	0	1	0	0	0	0	0	0	0	0	0	0
1469	1995	0	0	1	0	1	0	0	0	0	0	0	0	0	0	0	0	0	0	0
1470	1995	0	0	0	1	1	0	0	0	0	0	0	0	0	0	0	0	0	0	0
1471	1995	0	0	0	0	0	0	0	0	0	0	0	0	0	0	0	0	1	0	0
1472	1996	0	0	0	0	0	1	0	0	0	0	0	0	0	0	0	1	0	0	0
1473	1939	0	0	0	0	1	0	0	0	1	0	0	0	0	0	0	0	0	0	0
1474	1994	0	0	0	0	0	1	0	0	0	0	0	0	0	0	1	0	0	0	0
1475	1993	0	0	0	0	0	1	0	0	1	0	0	0	0	0	0	0	0	0	0
1476	1948	0	0	0	0	0	0	0	0	0	0	1	0	0	0	0	0	0	0	0
1477	1997	0	0	0	0	0	0	0	0	0	0	0	1	0	0	0	0	1	0	0
1478	1995	0	1	0	0	0	0	1	0	1	0	0	0	0	0	0	0	0	0	0
1479	1995	0	0	0	0	0	1	0	0	0	0	0	0	0	0	0	0	0	0	0
1480	1974	0	0	1	0	1	1	0	0	0	0	0	0	0	0	0	0	0	0	0
1481	1994	0	0	0	0	0	0	0	0	1	0	0	0	0	0	0	0	0	0	0
1482	1996	0	0	0	0	0	0	0	1	0	0	0	0	0	0	0	0	0	0	0
1483	1998	0	1	0	0	0	0	0	0	1	0	0	0	0	0	1	0	0	0	0
1484	1994	0	1	0	0	0	1	0	0	0	0	0	0	0	0	0	0	0	0	0
1485	1994	0	0	0	0	0	0	0	0	1	0	0	0	0	0	1	0	0	1	0
1486	1995	0	0	0	0	0	0	0	0	1	0	0	0	0	0	0	0	0	0	0
1487	1993	0	0	0	0	0	1	0	0	0	0	0	0	0	0	1	0	0	0	0
1488	1993	0	0	0	0	0	0	0	0	1	0	0	0	0	0	0	0	0	0	0
1489	1994	0	0	0	0	0	1	0	0	0	0	0	0	0	0	0	0	0	0	0
1490	1993	0	0	0	0	0	1	0	0	0	0	0	0	0	0	0	0	0	0	0
1491	1995	0	1	0	0	0	0	0	0	1	0	0	0	0	0	0	0	1	0	0
1492	1994	0	0	0	0	0	1	0	0	0	0	0	0	0	0	0	0	0	0	0
1493	1996	0	0	0	0	0	0	0	0	0	0	0	0	0	0	1	0	0	0	0
1494	1996	0	0	0	0	0	1	0	0	0	0	0	0	0	0	0	0	0	0	0
1495	1996	0	0	0	0	0	0	0	0	1	0	0	0	0	0	0	0	0	0	0
1496	1996	0	0	0	0	0	1	1	0	0	0	0	0	0	0	0	0	0	0	0
1497	1996	0	0	0	0	0	0	0	1	0	0	0	0	0	0	0	0	0	0	0
1498	1997	0	0	0	0	0	1	0	0	0	0	0	0	0	0	0	0	0	0	0
1499	1994	0	0	0	0	0	1	0	0	0	0	0	0	0	0	0	0	0	0	0
1500	1996	0	0	0	0	0	1	0	0	0	0	0	0	0	0	0	0	0	0	0
1501	1997	0	0	0	0	0	0	0	0	0	0	0	0	0	0	0	0	0	1	0
1502	1994	0	0	0	0	0	1	0	0	0	0	0	0	0	0	1	0	0	0	0
1503	1995	0	0	1	0	1	0	0	0	0	0	0	0	0	0	0	0	0	0	0
1504	1996	0	0	0	0	0	1	0	0	0	0	0	0	0	0	0	0	0	0	0
1505	1996	0	0	0	0	0	0	1	0	1	0	0	0	0	0	0	0	0	0	0
1506	1996	0	0	0	0	0	0	0	0	1	0	0	0	0	0	0	0	0	0	0
1507	1996	0	0	0	0	0	1	0	0	0	0	0	0	0	0	0	0	0	0	0
1508	1995	0	0	0	0	0	0	0	0	1	0	0	0	0	0	0	0	1	0	0
1509	1994	0	0	0	0	0	1	0	0	0	0	0	0	0	0	0	0	0	0	0
1510	1996	0	0	0	0	0	0	1	0	0	0	0	0	0	0	0	0	0	0	0
1511	1997	0	0	0	0	0	1	0	0	0	0	0	0	0	0	0	0	0	0	0
1512	1996	0	0	0	0	0	0	0	0	1	0	0	0	0	0	0	0	0	0	0
1513	1997	0	0	0	0	0	1	0	0	0	0	0	0	0	0	0	0	0	0	0
1514	1997	0	0	0	0	0	0	0	0	1	0	0	0	0	0	0	0	0	0	0
1515	1995	0	0	1	0	0	0	0	0	0	0	0	0	0	0	1	0	0	0	0
1516	1994	0	0	0	0	0	0	0	0	1	0	0	0	0	0	0	0	0	0	0
1517	1996	0	0	0	0	0	0	0	0	1	0	0	0	0	0	0	0	0	0	0
1518	1995	0	0	0	0	0	0	0	0	1	0	0	0	0	0	0	0	0	0	0
1519	1995	0	0	0	0	0	0	1	0	1	0	0	0	0	0	0	0	0	0	0
1520	1995	0	0	0	0	0	0	0	0	0	0	0	1	0	0	0	0	0	0	0
1521	1993	0	0	0	0	0	1	0	0	0	0	0	0	0	0	1	0	0	0	0
1522	1994	0	0	0	0	0	0	0	0	0	0	0	0	0	0	0	0	1	0	0
1523	1994	0	1	1	0	0	0	0	0	0	0	0	0	0	0	0	0	0	0	0
1524	1996	0	0	0	0	0	0	0	0	1	0	0	0	0	0	0	0	0	0	0
1525	1998	0	0	0	0	0	1	0	0	0	0	0	0	0	0	1	0	0	0	0
1526	1985	0	0	0	0	0	0	0	0	1	0	0	0	0	0	1	0	1	0	0
1527	1998	0	0	0	0	0	1	0	0	0	0	0	0	0	0	0	0	0	0	0
1528	1997	0	0	0	0	0	0	0	0	1	0	0	0	0	0	0	0	0	0	0
1529	1996	0	0	0	0	0	0	0	0	0	0	0	0	0	0	0	0	0	1	0
1530	1995	0	0	0	0	0	0	0	0	1	0	0	0	0	0	0	0	0	0	0
1531	1995	0	0	1	0	1	0	0	0	0	0	0	0	0	0	0	0	0	0	0
1532	1994	0	0	0	0	0	0	0	0	1	0	0	0	0	0	0	0	0	0	0
1533	1993	0	0	0	0	0	0	0	0	1	0	0	0	0	0	0	0	0	0	0
1534	1997	0	0	0	0	0	1	1	0	0	0	0	0	0	0	0	0	0	0	0
1535	1994	0	0	0	0	0	0	0	0	1	0	0	0	0	0	0	0	0	0	0
1536	1996	0	0	0	0	0	0	0	0	1	0	0	0	0	0	0	0	0	0	0
1537	1997	0	0	0	0	0	1	0	0	0	0	0	0	0	0	0	0	0	0	0
1538	1997	0	0	0	0	0	0	0	0	1	0	0	0	0	0	0	0	0	0	0
1539	1993	0	0	0	0	0	0	0	0	1	0	0	0	0	0	0	0	0	0	0
1540	1995	0	0	1	0	1	0	0	0	0	0	0	0	0	0	0	0	0	0	0
1541	1994	0	0	0	0	0	0	0	0	1	0	0	0	0	0	0	0	0	0	0
1542	1926	0	0	0	0	0	0	0	0	1	0	0	0	0	0	0	0	0	0	0
1543	1996	0	0	0	0	0	0	0	0	1	0	0	0	0	0	0	0	0	0	0
1544	1995	0	0	0	0	0	1	0	0	0	0	0	0	0	0	0	0	0	0	0
1545	1995	0	0	0	0	0	0	0	0	1	0	0	0	0	0	1	0	0	0	0
1546	1988	0	0	0	0	0	0	0	0	1	0	0	0	0	0	0	0	0	0	0
1547	1995	0	0	0	0	0	0	0	1	0	0	0	0	0	0	0	0	0	0	0
1548	1995	0	1	0	0	0	0	0	0	0	0	0	0	0	0	0	0	1	0	0
1549	1995	0	0	0	0	0	0	0	0	0	0	0	0	0	0	0	0	1	0	0
1550	1995	0	0	0	0	0	1	0	0	0	0	0	0	0	0	0	0	0	0	0
1551	1994	0	0	0	0	0	0	0	0	1	0	0	0	0	0	0	0	0	0	0
1552	1995	0	1	0	0	0	0	0	0	0	0	0	0	0	0	0	0	0	0	0
1553	1995	0	0	0	0	0	0	0	0	0	0	0	0	0	1	0	0	1	0	0
1554	1994	0	0	0	0	0	0	0	0	1	0	0	0	0	0	0	0	0	0	0
1555	1993	0	0	1	0	1	0	0	0	0	0	0	0	0	0	0	0	0	0	0
1556	1995	0	1	0	0	0	0	0	0	1	0	0	0	0	0	0	0	1	0	0
1557	1996	0	0	0	0	0	1	0	0	1	0	0	0	0	0	0	0	0	0	0
1558	1996	0	0	0	0	0	0	0	0	1	0	0	0	0	0	0	0	0	0	0
1559	1994	0	1	0	0	0	0	0	0	1	0	0	0	0	0	0	0	1	0	0
1560	1981	0	0	0	0	0	0	1	0	0	0	0	0	0	0	0	0	0	0	0
1561	1994	0	0	0	0	0	0	0	1	1	0	0	0	0	0	0	0	0	0	0
1562	1993	0	0	0	0	0	0	0	1	0	0	0	0	0	0	0	0	0	0	0
1563	1994	0	0	0	0	0	0	0	0	0	0	0	0	0	0	1	0	0	0	0
1564	1991	0	0	0	0	0	0	0	0	1	0	0	0	0	0	0	0	0	0	0
1565	1992	0	0	0	0	0	0	0	0	1	0	0	0	0	0	0	0	0	0	0
1566	1943	0	0	0	0	0	0	0	0	1	0	0	0	0	0	0	0	0	0	0
1567	1992	0	0	0	0	0	1	0	0	0	0	0	0	0	0	0	0	0	0	0
1568	1992	0	0	0	0	0	1	0	0	0	0	0	0	0	0	1	0	0	0	0
1569	1987	0	0	0	0	0	1	0	0	1	0	0	0	0	0	0	0	0	0	0
1570	1992	0	0	0	0	0	1	0	0	0	0	0	0	0	0	0	0	0	0	0
1571	1973	0	0	0	0	0	0	0	0	1	0	0	0	0	0	0	0	0	0	0
1572	1982	0	0	0	0	0	0	0	0	1	0	0	0	0	0	0	0	0	0	0
1573	1968	0	0	0	0	0	0	0	0	0	0	0	1	0	0	0	0	0	0	0
1574	1995	0	0	0	0	0	0	0	0	0	0	0	0	0	0	0	0	0	1	0
1575	1990	0	0	0	0	0	0	0	0	1	0	0	0	0	0	0	0	0	0	0
1576	1987	0	0	0	0	0	0	0	0	0	1	0	0	0	0	0	0	0	0	0
1577	1956	0	0	0	0	0	0	0	0	1	0	0	0	0	0	0	0	0	0	0
1578	1967	0	0	0	0	0	0	0	0	1	0	0	0	0	0	0	0	0	0	0
1579	1988	0	0	0	0	0	0	0	0	0	0	0	0	0	0	0	0	1	0	0
1580	1933	0	0	0	0	0	0	0	0	0	0	0	0	0	0	1	0	0	0	0
1581	1950	0	0	0	0	0	0	0	0	0	0	0	0	0	1	0	0	0	0	0
1582	1947	0	0	0	0	0	0	0	0	0	0	1	0	0	0	0	0	0	0	0
1583	1986	0	0	0	0	0	0	0	0	1	0	0	0	0	0	0	0	0	0	0
1584	1946	0	0	0	0	0	0	0	0	1	0	0	0	0	0	0	0	0	0	0
1585	1990	0	0	0	0	0	0	0	1	0	0	0	0	0	0	0	0	0	0	0
1586	1992	0	1	0	0	0	0	1	0	1	0	0	0	0	0	0	0	0	0	0
1587	1958	0	0	0	0	0	0	0	0	0	0	0	0	0	0	0	0	0	0	1
1588	1997	0	0	0	0	0	1	0	0	1	0	0	0	0	0	0	0	0	0	0
1589	1997	0	0	0	0	0	1	0	0	0	0	0	0	0	0	0	0	0	0	0
1590	1997	0	0	0	0	0	0	0	0	1	0	0	0	0	0	0	0	0	0	0
1591	1998	0	0	0	0	0	0	0	0	1	0	0	0	0	0	0	0	0	0	0
1592	1998	0	0	0	0	0	0	0	0	1	0	0	0	0	0	0	0	0	0	0
1593	1996	0	0	0	0	0	1	0	0	0	0	0	0	0	0	0	0	0	0	0
1594	1998	0	0	0	0	0	0	0	1	0	0	0	0	0	0	0	0	0	0	0
1595	1996	0	1	0	0	0	0	0	0	0	0	0	0	0	0	0	0	1	0	0
1596	1995	0	1	0	0	0	0	0	0	0	0	0	0	0	0	0	1	1	0	0
1597	1992	0	1	0	0	0	0	0	0	1	0	0	0	0	0	0	0	0	0	0
1598	1997	0	0	0	0	0	0	1	0	0	0	0	0	0	0	0	0	1	0	0
1599	1996	0	0	0	0	0	0	0	0	1	0	0	0	0	0	0	0	0	0	0
1600	1997	0	0	0	0	0	1	0	0	0	0	0	0	0	0	0	0	0	0	0
1601	1997	0	0	0	0	0	0	0	0	0	0	0	0	0	0	0	0	1	0	0
1602	1998	0	0	0	0	0	0	0	0	1	0	0	0	0	0	0	0	0	0	0
1603	1996	0	0	0	0	0	0	0	0	1	0	0	0	0	0	0	0	0	0	0
1604	1948	0	0	0	0	0	0	1	0	0	0	1	0	0	0	0	0	1	0	0
1605	1997	0	0	0	0	0	1	0	0	0	0	0	0	0	0	0	0	0	0	0
1606	1997	0	0	0	0	0	0	1	0	0	0	0	0	0	0	0	0	0	0	0
1607	1998	0	0	0	0	0	0	0	0	1	0	0	0	0	0	0	0	0	0	0
1608	1997	0	0	1	0	1	0	0	0	1	0	0	0	0	0	0	0	0	0	0
1609	1997	0	0	0	0	0	1	0	0	0	0	0	0	0	0	0	0	0	0	0
1610	1997	0	1	0	0	0	0	1	0	0	0	0	0	0	0	1	0	0	0	0
1611	1997	0	0	0	0	0	1	0	0	0	0	0	0	0	0	0	0	0	0	0
1612	1998	0	0	0	0	0	0	0	0	0	0	0	0	0	0	1	0	0	0	0
1613	1998	0	1	0	0	0	0	0	0	1	0	0	0	0	0	0	0	0	0	0
1614	1958	0	0	0	0	0	1	0	0	1	0	0	0	0	0	0	0	0	0	0
1615	1997	0	1	1	0	1	0	0	0	0	1	0	0	0	0	0	0	0	0	0
1616	1995	0	0	0	0	0	0	0	0	1	0	0	0	0	0	0	0	0	0	0
1617	1997	0	0	0	0	0	0	0	0	0	0	0	0	0	0	1	0	0	0	0
1618	1990	0	1	0	0	0	0	1	0	0	0	0	0	0	0	0	0	0	0	0
1619	1996	0	0	0	0	0	0	0	0	1	0	0	0	0	0	0	0	0	0	0
1620	1997	0	0	0	0	0	1	0	0	0	0	0	0	0	0	0	0	0	0	0
1621	1996	0	0	0	0	0	0	0	0	0	0	0	0	0	0	0	0	1	0	0
1622	1993	0	0	0	0	0	1	0	0	0	0	0	0	0	0	0	0	0	0	0
1623	1996	0	0	0	0	0	0	0	0	1	0	0	0	0	0	0	0	0	0	0
1624	1998	0	0	0	0	0	0	0	0	0	0	0	0	0	0	0	0	1	0	0
1625	1997	0	0	0	0	0	0	0	0	0	0	0	1	0	0	0	0	1	0	0
1626	1996	0	0	0	0	0	1	0	0	1	0	0	0	0	0	0	0	0	0	0
1627	1996	0	0	0	0	0	1	0	0	1	0	0	0	0	0	0	0	0	0	0
1628	1994	0	0	0	0	0	0	0	0	1	0	0	0	0	0	0	0	0	0	0
1629	1995	0	0	0	0	0	0	0	1	0	0	0	0	0	0	0	0	0	0	0
1630	1996	0	0	0	0	0	0	0	0	1	0	0	0	0	0	0	0	0	0	0
1631	1993	0	0	0	0	0	1	0	0	1	0	0	0	0	0	0	0	0	0	0
1632	1996	0	0	0	0	0	0	0	0	0	0	0	0	0	0	0	0	0	1	0
1633	1996	0	0	0	0	0	1	0	0	1	0	0	0	0	0	0	0	0	0	0
1634	1996	0	0	0	0	0	0	0	0	1	0	0	0	0	0	0	0	0	0	0
1635	1986	0	0	0	0	0	0	0	0	1	0	0	0	0	0	0	0	0	0	0
1636	1996	0	0	0	0	0	0	0	0	1	0	0	0	0	0	0	0	0	0	0
1637	1996	0	0	0	0	0	0	0	0	1	0	0	0	0	0	0	0	0	0	0
1638	1996	0	0	0	0	0	0	1	0	1	0	0	0	0	0	0	0	0	0	0
1639	1996	0	0	0	0	0	0	0	0	1	0	0	0	0	0	0	0	0	0	0
1640	1996	0	0	0	0	0	0	0	0	1	0	0	0	0	0	0	0	0	0	0
1641	1996	0	0	0	0	0	0	0	1	0	0	0	0	0	0	0	0	0	0	0
1642	1996	0	0	0	0	0	0	0	0	1	0	0	0	0	0	0	0	0	0	0
1643	1997	0	0	0	0	0	0	0	0	1	0	0	0	0	0	0	0	0	0	0
1644	1997	0	0	0	0	0	1	0	0	0	0	0	0	0	0	0	0	0	0	0
1645	1998	0	0	0	0	0	0	0	0	1	0	0	0	0	0	0	0	0	0	0
1646	1998	0	1	0	0	0	0	0	0	1	0	0	0	0	0	0	0	0	0	0
1647	1998	0	0	0	0	0	1	1	0	1	0	0	0	0	0	0	0	0	0	0
1648	1998	0	0	0	0	0	0	0	0	1	0	0	0	0	0	0	0	0	0	0
1649	1998	0	0	0	0	0	1	0	1	0	0	0	0	0	0	0	0	0	0	0
1650	1998	0	0	0	0	0	0	0	0	1	0	0	0	0	0	0	0	0	0	0
1651	1998	0	0	0	0	0	0	0	0	1	0	0	0	0	0	0	0	1	0	0
1652	1997	0	0	0	0	0	0	0	0	0	0	0	0	0	0	1	0	0	0	0
1653	1996	0	0	0	0	0	0	0	0	1	0	0	0	0	0	0	0	0	0	0
1654	1998	0	0	0	0	0	1	0	0	0	0	0	0	0	0	0	0	0	0	0
1655	1994	0	0	0	0	0	1	0	0	0	0	0	0	0	0	1	0	0	0	0
1656	1998	0	0	0	0	0	1	0	0	0	0	0	0	0	0	1	0	0	0	0
1657	1996	0	1	0	0	0	0	0	0	1	0	0	0	0	0	0	0	0	0	0
1658	1996	0	0	0	0	0	0	0	0	1	0	0	0	0	0	0	0	0	0	0
1659	1996	0	0	0	0	0	1	0	0	0	0	0	0	0	0	0	0	0	0	0
1660	1996	0	0	0	0	0	0	0	0	1	0	0	0	0	0	0	0	0	0	0
1661	1994	0	0	0	0	0	0	0	0	1	0	0	0	0	0	0	0	0	0	0
1662	1997	0	0	0	0	0	0	0	0	1	0	0	0	0	0	1	0	0	0	0
1663	1997	0	0	0	0	0	0	0	0	1	0	0	0	0	0	0	0	0	1	0
1664	1997	0	0	0	0	0	1	0	0	0	0	0	0	0	0	0	0	0	0	0
1665	1997	0	0	0	0	0	0	0	0	1	0	0	0	0	0	0	0	0	0	0
1666	1997	0	0	0	0	0	0	0	0	1	0	0	0	0	0	0	0	0	0	0
1667	1997	0	0	0	0	0	0	0	0	1	0	0	0	0	0	0	0	0	0	0
1668	1997	0	0	0	0	0	1	0	0	0	0	0	0	0	0	0	0	0	0	0
1669	1997	0	0	0	0	0	0	1	0	1	0	0	0	0	1	0	0	0	0	0
1670	1998	0	0	0	0	0	1	0	0	0	0	0	0	0	0	0	0	1	0	0
1671	1998	0	0	0	0	0	0	0	0	1	0	0	0	0	0	0	0	0	0	0
1672	1993	0	0	0	0	0	0	0	0	1	0	0	0	0	0	0	0	0	0	0
1673	1995	0	1	0	0	0	0	0	0	0	0	0	0	0	0	0	0	1	0	0
1674	1962	0	0	0	0	0	0	0	0	1	0	0	0	0	0	0	0	0	0	0
1675	1996	0	0	0	0	0	0	0	0	1	0	0	0	0	0	0	0	0	0	0
1676	1996	0	0	0	0	0	0	0	0	1	0	0	0	0	0	0	0	0	0	0
1677	1996	0	0	0	0	0	0	0	0	1	0	0	0	0	0	0	0	0	0	0
1678	1998	0	0	0	0	0	0	0	0	1	0	0	0	0	0	0	0	0	0	0
1679	1998	0	0	0	0	0	0	0	0	0	0	0	0	0	0	1	0	1	0	0
1680	1998	0	0	0	0	0	0	0	0	1	0	0	0	0	0	1	0	0	0	0
1681	1994	0	0	0	0	0	1	0	0	0	0	0	0	0	0	0	0	0	0	0
1682	1996	0	0	0	0	0	0	0	0	1	0	0	0	0	0	0	0	0	0	0
